73491,73767,36617,12339,3091,567,110,14,4,0,0,0
73646,73430,36934,12149,3109,618,101,10,3,0,0,0
73719,73670,36643,12195,3039,617,98,19,0,0,0,0
73715,73644,36707,12199,3054,576,93,9,3,0,0,0
73626,73396,36847,12434,2928,658,89,21,1,0,0,0
73356,73560,36871,12285,3164,635,105,20,3,1,0,0
73307,73780,36717,12328,3128,643,88,8,1,0,0,0
73076,73969,36967,12211,3047,601,112,14,3,0,0,0
73469,73606,36557,12511,3105,637,97,18,0,0,0,0
73665,73154,37116,12337,3015,605,97,9,2,0,0,0
73468,73585,36834,12399,3074,517,112,10,1,0,0,0
73631,73462,36953,12156,3059,608,113,15,3,0,0,0
73564,73489,36838,12378,2996,619,97,17,2,0,0,0
73270,74264,36669,12053,3040,580,108,14,2,0,0,0
73678,73739,36569,12215,3041,644,98,15,1,0,0,0
73352,73585,36839,12335,3139,642,89,17,2,0,0,0
73839,73486,36604,12164,3156,636,100,12,3,0,0,0
73665,73698,36838,12002,3037,640,101,19,0,0,0,0
73564,73813,36682,12194,3020,618,86,23,0,0,0,0
73649,73929,36488,12148,3042,603,121,15,5,0,0,0
73709,73504,36762,12260,3042,631,85,6,1,0,0,0
73582,73542,36946,12151,3031,636,98,14,0,0,0,0
73896,73053,37110,12206,3049,586,87,10,1,2,0,0
73515,73448,36905,12328,3050,651,90,13,0,0,0,0
73732,73532,36695,12203,3089,634,101,10,4,0,0,0
73625,73644,36628,12294,3100,587,108,14,0,0,0,0
73682,73603,36625,12275,3074,619,105,15,2,0,0,0
73329,73796,36942,12227,2972,604,118,10,2,0,0,0
73670,73406,36716,12349,3151,592,92,21,3,0,0,0
73495,73298,37123,12299,3051,600,115,18,1,0,0,0
73599,73709,36600,12246,3096,624,103,20,3,0,0,0
73411,73952,36625,12139,3175,597,86,15,0,0,0,0
73661,73500,36968,12129,3060,584,84,12,2,0,0,0
73393,73732,36669,12380,3110,590,115,11,0,0,0,0
73661,73513,36801,12238,3044,614,117,11,1,0,0,0
73396,73923,36671,12123,3146,625,95,20,1,0,0,0
73639,73621,36480,12383,3133,613,110,17,4,0,0,0
73835,73586,36694,12054,3058,630,126,16,0,1,0,0
73518,73645,36693,12218,3164,638,104,17,3,0,0,0
73330,73579,37166,12180,3026,606,91,19,3,0,0,0
73305,73533,36983,12368,3065,627,97,21,1,0,0,0
73793,73085,36967,12202,3174,652,115,11,1,0,0,0
74040,72824,36927,12462,3048,569,109,17,2,2,0,0
73521,73458,36660,12515,3126,615,94,10,1,0,0,0
73679,73669,36886,12067,2956,644,85,14,0,0,0,0
73765,73432,36617,12333,3147,603,87,14,1,1,0,0
73706,73739,36643,12209,2981,611,87,22,2,0,0,0
73728,73457,36830,12188,3068,590,118,20,1,0,0,0
73355,74048,36776,11980,3117,610,98,13,3,0,0,0
73583,73416,36907,12297,3063,621,98,12,2,1,0,0
73910,73134,36923,12219,3070,629,102,13,0,0,0,0
73825,73457,36795,12189,2996,622,100,13,3,0,0,0
73662,73277,37044,12264,2994,627,118,12,2,0,0,0
73284,73772,36846,12300,3040,632,106,18,2,0,0,0
73724,73850,36703,11970,3013,620,105,14,1,0,0,0
74001,73301,36759,12163,3080,602,80,12,2,0,0,0
73492,73423,37097,12170,3157,572,75,12,2,0,0,0
73734,73571,36782,12265,2937,586,111,14,0,0,0,0
73552,73506,36851,12272,3110,599,91,16,3,0,0,0
73916,73613,36478,12135,3104,621,111,20,2,0,0,0
73730,73218,37049,12239,3042,591,115,13,3,0,0,0
73554,73515,36991,12174,3048,602,98,17,1,0,0,0
73407,73463,36810,12375,3214,603,106,20,1,1,0,0
73396,73946,36512,12333,3076,603,119,14,1,0,0,0
73879,73457,36710,12219,2993,635,96,10,1,0,0,0
73301,73777,36872,12320,3003,606,102,16,1,2,0,0
73402,73387,37069,12357,3056,615,99,14,1,0,0,0
73171,73387,37315,12170,3150,663,125,17,2,0,0,0
73748,73482,36725,12300,3004,610,114,14,3,0,0,0
73522,73744,36660,12347,3010,607,94,16,0,0,0,0
73735,73204,36870,12390,3060,623,98,17,3,0,0,0
73638,74037,36415,12147,3014,625,104,18,2,0,0,0
73542,73890,36709,12135,2967,640,101,16,0,0,0,0
73403,73555,36843,12501,2944,619,111,20,3,1,0,0
73543,73805,36595,12295,3040,617,93,10,2,0,0,0
73580,73383,36930,12345,3019,622,105,15,1,0,0,0
73948,73403,36623,12311,3010,587,99,17,2,0,0,0
73484,73744,36699,12274,3075,608,100,15,1,0,0,0
73615,73807,36482,12216,3147,619,102,11,1,0,0,0
73702,73337,36823,12326,3069,624,98,18,3,0,0,0
73599,73413,36764,12422,3095,563,117,25,2,0,0,0
73606,73692,36747,12148,3065,599,118,21,4,0,0,0
73504,73224,36956,12479,3105,622,96,13,1,0,0,0
73642,73371,36816,12281,3160,628,86,15,1,0,0,0
73183,73413,37057,12543,3030,635,125,12,2,0,0,0
73726,73702,36679,12184,2988,626,77,18,0,0,0,0
73599,73644,36735,12191,3043,659,111,15,3,0,0,0
73388,73581,36804,12389,3108,613,98,17,2,0,0,0
73522,73724,36796,12158,3039,626,117,16,2,0,0,0
74065,72884,37059,12201,3074,595,107,13,1,0,1,0
73605,73103,37154,12351,3078,599,94,15,1,0,0,0
73135,73690,36925,12393,3118,621,100,17,1,0,0,0
73754,73235,36821,12402,2993,669,110,12,4,0,0,0
73389,73495,36885,12420,3109,594,93,12,3,0,0,0
73886,73233,36626,12420,3047,663,110,14,1,0,0,0
73390,73546,37183,12137,3015,621,92,15,1,0,0,0
73766,73396,36694,12333,3066,626,102,16,1,0,0,0
73514,73562,36631,12415,3170,584,103,14,7,0,0,0
73935,73423,36812,12166,2977,560,107,18,2,0,0,0
73767,73450,36804,12118,3168,578,103,10,2,0,0,0
73544,73456,37108,12222,2944,589,124,13,0,0,0,0
73474,73807,36609,12224,3128,651,95,11,1,0,0,0
73551,73767,36585,12316,3016,643,105,16,1,0,0,0
74012,73532,36518,12101,3074,626,116,20,1,0,0,0
73577,73645,36726,12205,3198,540,93,14,2,0,0,0
74068,73031,36606,12522,3054,612,97,9,1,0,0,0
73702,73429,36754,12225,3137,624,110,16,1,2,0,0
73763,73327,36684,12405,3085,606,119,10,1,0,0,0
73463,73816,36624,12364,3020,586,106,20,1,0,0,0
73034,73599,37276,12252,3148,595,81,15,0,0,0,0
73188,73869,36777,12351,3088,606,107,12,2,0,0,0
73458,73774,36582,12388,3054,601,120,20,3,0,0,0
73663,73392,36970,12250,3026,582,100,17,0,0,0,0
73534,73751,36700,12186,3104,611,100,14,0,0,0,0
73421,73515,37021,12234,3075,626,95,10,3,0,0,0
73859,73407,36700,12245,3033,632,106,13,5,0,0,0
73641,73721,36648,12149,3119,610,94,17,0,1,0,0
73388,73945,36804,12133,3018,585,106,15,6,0,0,0
73663,73005,37053,12502,3063,599,95,18,2,0,0,0
73554,73326,37009,12273,3059,656,106,16,1,0,0,0
73502,73635,36765,12328,3071,598,89,11,1,0,0,0
73428,73817,36693,12281,3040,623,94,21,3,0,0,0
73504,73872,36795,12045,3043,636,94,8,2,1,0,0
73716,73620,36498,12346,3098,622,83,14,2,1,0,0
73588,73382,36829,12381,3086,620,98,15,1,0,0,0
73837,73455,36745,12264,2981,599,97,19,3,0,0,0
73676,73601,36749,12104,3086,658,111,13,2,0,0,0
73638,73626,36679,12363,2996,584,103,10,1,0,0,0
73342,73421,37197,12278,3022,628,85,25,2,0,0,0
73203,73742,36981,12279,3033,645,105,9,3,0,0,0
73188,73938,36686,12438,2962,647,124,14,3,0,0,0
73627,73868,36696,11929,3132,644,94,10,0,0,0,0
74030,73275,36879,12113,2962,628,96,16,1,0,0,0
73698,73741,36513,12216,3104,606,106,15,1,0,0,0
73648,73648,36690,12164,3146,591,101,10,1,1,0,0
73530,73604,36700,12348,3106,592,104,14,2,0,0,0
73320,73807,36889,12136,3094,628,109,15,2,0,0,0
73557,73602,36741,12249,3108,606,123,10,4,0,0,0
73693,73558,36773,12170,3125,566,97,16,2,0,0,0
73896,73449,36543,12316,3015,648,111,18,3,1,0,0
73790,73493,36691,12206,3062,620,125,12,1,0,0,0
73602,73354,37206,12060,3074,600,91,11,2,0,0,0
73553,73192,37050,12362,3085,642,104,10,2,0,0,0
73585,73385,36985,12321,3017,591,99,16,1,0,0,0
73531,73359,36940,12314,3138,601,100,16,1,0,0,0
73484,73660,36822,12327,2987,597,98,22,3,0,0,0
73772,73445,36837,12177,3038,610,107,12,2,0,0,0
73251,73678,37098,12137,3108,620,86,22,0,0,0,0
73322,73602,36939,12331,3071,621,100,12,2,0,0,0
73434,73533,36988,12298,2998,630,105,12,1,1,0,0
73549,73841,36628,12216,3069,588,97,10,1,1,0,0
73359,73790,36672,12263,3143,661,93,15,4,0,0,0
73596,73435,36940,12290,3023,587,108,20,1,0,0,0
74008,73095,36741,12236,3170,627,100,21,1,1,0,0
73614,73414,36895,12353,3025,578,101,19,1,0,0,0
73825,73469,36713,12225,3030,645,85,8,0,0,0,0
73635,73634,36734,12279,2990,621,92,13,2,0,0,0
73531,73513,36976,12222,3048,600,91,17,2,0,0,0
74094,73305,36596,12314,2984,601,88,18,0,0,0,0
73511,73874,36660,12189,3033,599,112,19,2,1,0,0
73773,73577,36615,12197,3063,661,103,10,1,0,0,0
73713,73483,36974,12138,2956,608,115,12,1,0,0,0
73598,73306,36817,12393,3154,611,99,20,2,0,0,0
73893,73489,36670,12164,3057,584,126,17,0,0,0,0
73551,73719,36593,12392,2987,650,87,20,1,0,0,0
73703,73451,36826,12256,3024,611,109,16,4,0,0,0
73405,73543,36915,12354,3063,604,96,19,1,0,0,0
73582,73566,36816,12226,3078,620,96,14,2,0,0,0
73687,73409,37012,12137,2996,624,117,17,1,0,0,0
73602,73510,36456,12626,3054,640,94,17,1,0,0,0
73409,73483,36988,12290,3093,620,104,12,1,0,0,0
73743,73634,36433,12342,3082,643,104,18,1,0,0,0
73282,74097,36569,12284,3063,588,94,23,0,0,0,0
73740,73610,36661,12292,3006,576,98,17,0,0,0,0
73561,73671,36790,12230,3033,603,93,16,2,1,0,0
73330,73969,36748,12128,3086,612,113,12,2,0,0,0
73352,73391,37114,12287,3138,608,97,13,0,0,0,0
73615,73832,36569,12204,3121,565,83,11,0,0,0,0
73649,73450,36780,12232,3120,638,106,23,2,0,0,0
73650,73584,36833,12215,3035,575,94,8,3,2,1,0
73578,73515,36750,12227,3161,647,110,10,2,0,0,0
73484,73472,36798,12446,3070,587,116,24,3,0,0,0
73555,73288,37260,12166,3018,593,106,11,3,0,0,0
73889,73234,36744,12247,3138,626,102,18,1,1,0,0
73469,73995,36473,12233,3079,622,118,9,2,0,0,0
73624,73523,36760,12365,3030,597,84,15,2,0,0,0
73508,73573,36745,12270,3175,612,100,14,3,0,0,0
73762,73372,36921,12084,3094,633,114,19,1,0,0,0
73866,73353,36672,12317,3082,585,105,19,1,0,0,0
73910,73214,36893,12211,3049,602,100,18,3,0,0,0
73373,73608,36950,12352,2966,627,111,11,2,0,0,0
73537,73238,37100,12282,3116,614,101,11,1,0,0,0
73555,73706,36533,12402,3079,605,108,12,0,0,0,0
73419,73790,36698,12420,2973,587,102,9,2,0,0,0
73710,73556,36839,12160,3013,606,103,11,2,0,0,0
73622,73386,36764,12311,3122,673,114,7,1,0,0,0
73725,73085,37069,12301,3079,622,100,17,1,1,0,0
73860,73391,36622,12302,3126,586,98,13,2,0,0,0
73670,73558,36655,12289,3051,631,124,18,4,0,0,0
73431,73630,36859,12245,3109,603,115,8,0,0,0,0
73822,73468,36460,12385,3105,655,91,13,1,0,0,0
73492,73587,36748,12354,3081,608,116,13,1,0,0,0
73392,73657,36958,12110,3122,634,109,14,4,0,0,0
73679,73518,36702,12322,3024,640,101,13,1,0,0,0
73676,73676,36494,12341,3087,619,94,10,2,1,0,0
73178,73876,36864,12328,3013,612,113,16,0,0,0,0
72928,73956,36859,12404,3098,636,107,12,0,0,0,0
73453,73662,36462,12554,3120,623,108,15,3,0,0,0
73428,73782,36637,12285,3143,610,103,12,0,0,0,0
73390,73359,37013,12439,3069,609,107,11,3,0,0,0
73257,74101,36612,12184,3068,655,104,15,4,0,0,0
73276,73839,36796,12345,3040,584,105,15,0,0,0,0
73594,73365,36920,12362,3013,617,113,13,2,1,0,0
73732,73516,36689,12145,3150,651,97,16,4,0,0,0
73687,73120,37055,12190,3178,648,96,21,5,0,0,0
73664,73600,36755,12215,3037,601,109,17,2,0,0,0
73427,73860,36773,12109,3107,598,111,13,1,1,0,0
73623,73499,36912,12232,2991,618,111,12,2,0,0,0
73563,73342,36898,12379,3060,640,102,15,0,1,0,0
73670,73484,36949,12170,3014,584,109,19,1,0,0,0
73274,73838,36853,12224,3078,591,116,23,3,0,0,0
74106,73219,36777,12134,3026,614,107,14,2,1,0,0
73755,73521,36642,12262,3092,605,109,12,2,0,0,0
73639,73586,36761,12208,3033,639,110,21,3,0,0,0
73589,73677,36645,12273,3092,609,97,15,3,0,0,0
73799,73390,36714,12305,3106,580,90,11,4,1,0,0
74002,73380,36653,12254,3017,581,96,15,2,0,0,0
73000,73818,36939,12337,3127,650,118,9,2,0,0,0
73339,73938,36720,12201,3049,623,116,11,3,0,0,0
73253,73616,36826,12437,3126,611,119,11,1,0,0,0
73508,73840,36560,12275,3078,623,98,15,3,0,0,0
73262,73817,36898,12162,3132,627,91,8,3,0,0,0
73478,73823,36722,12196,3100,572,93,12,4,0,0,0
73740,73302,36898,12238,3068,643,96,13,0,2,0,0
73655,73507,36856,12285,2998,583,101,13,2,0,0,0
73852,73168,36973,12289,2994,607,100,14,3,0,0,0
73537,73855,36508,12199,3143,637,105,15,0,1,0,0
73505,73537,36896,12304,3039,612,91,14,2,0,0,0
73556,73469,36770,12379,3061,641,111,13,0,0,0,0
73358,73658,36861,12369,3081,562,99,11,1,0,0,0
73976,73263,36750,12303,2961,639,93,13,2,0,0,0
73537,73466,36987,12401,2902,598,91,14,3,1,0,0
73786,73359,36797,12210,3107,617,111,13,0,0,0,0
73742,73361,36991,12130,3052,601,110,13,0,0,0,0
73589,73349,36935,12358,3025,616,105,19,3,1,0,0
73541,73561,36763,12363,3010,630,121,10,1,0,0,0
73868,73506,37011,11977,2947,568,104,17,2,0,0,0
73519,73514,36937,12175,3135,620,82,17,1,0,0,0
73551,73513,36621,12419,3129,660,85,19,3,0,0,0
74042,73452,36555,12208,3025,611,93,13,1,0,0,0
73296,73765,36867,12312,3033,611,96,19,1,0,0,0
73440,73859,36655,12194,3106,639,90,15,1,1,0,0
73652,74020,36177,12359,3017,669,91,14,1,0,0,0
73366,73738,36861,12217,3101,608,94,13,2,0,0,0
73548,73615,36908,12104,3047,655,104,19,0,0,0,0
73640,73579,36803,12214,3008,637,100,14,5,0,0,0
73477,73646,36942,12122,3068,612,115,16,1,1,0,0
73741,73495,36577,12446,3008,619,100,11,3,0,0,0
73686,73375,36915,12221,3064,620,108,11,0,0,0,0
73635,73680,36508,12336,3134,605,94,8,0,0,0,0
73472,73689,36940,12154,3054,578,100,12,1,0,0,0
73541,73739,36725,12286,3019,572,100,18,0,0,0,0
73568,74031,36461,12193,3031,615,85,13,3,0,0,0
73368,73725,36752,12292,3148,593,101,19,2,0,0,0
73580,73508,36810,12321,3026,618,114,18,5,0,0,0
73889,73323,36743,12200,3120,626,89,9,1,0,0,0
73486,73734,36654,12389,3028,600,90,17,2,0,0,0
73254,73659,37141,12197,3030,600,106,10,2,1,0,0
73387,73653,36798,12343,3096,611,100,8,3,1,0,0
73766,73611,36656,12193,3062,590,106,14,2,0,0,0
73715,73296,36921,12311,3025,609,101,16,5,1,0,0
73540,73762,36703,12220,3041,613,110,10,1,0,0,0
73976,73342,36858,12127,2942,638,98,16,3,0,0,0
73609,73484,36882,12171,3079,665,98,9,3,0,0,0
73644,73382,36862,12262,3111,628,97,13,0,1,0,0
73608,73707,36671,12188,3071,642,97,15,1,0,0,0
73501,73685,36777,12326,2990,605,101,15,0,0,0,0
73770,73411,36766,12297,3007,619,115,14,1,0,0,0
73730,73367,36933,12247,3000,589,115,16,3,0,0,0
73617,73420,37046,12045,3094,662,94,21,0,1,0,0
73776,73357,36797,12239,3087,622,101,20,1,0,0,0
73406,73711,37025,12138,3048,564,93,12,2,1,0,0
74039,73226,36583,12342,3010,653,130,16,1,0,0,0
73354,73329,36871,12628,3084,606,112,15,1,0,0,0
73732,73475,36714,12257,3103,596,104,17,2,0,0,0
73846,73348,36620,12301,3152,619,102,10,2,0,0,0
73375,73857,36811,12244,2976,627,97,12,1,0,0,0
73593,73534,36736,12323,3092,602,99,15,6,0,0,0
73604,73494,36838,12242,3085,610,103,22,2,0,0,0
73570,73384,36884,12340,3146,572,85,14,5,0,0,0
73729,73450,36799,12289,2992,628,88,21,4,0,0,0
73803,73351,36762,12215,3126,609,118,14,2,0,0,0
73783,73274,36781,12407,3003,608,113,29,1,1,0,0
73347,73642,36952,12241,3105,600,102,10,1,0,0,0
73545,73692,36822,12132,3072,611,111,11,3,1,0,0
73254,73636,36966,12369,3045,595,114,17,4,0,0,0
73615,73516,36769,12281,3083,608,110,17,1,0,0,0
73475,73802,36849,12157,3017,592,93,15,0,0,0,0
73820,73723,36517,12205,3026,586,108,13,1,1,0,0
73743,73323,36943,12243,3000,629,98,18,3,0,0,0
73740,73253,36901,12155,3150,675,114,11,1,0,0,0
73755,73436,36899,12084,3101,613,94,15,3,0,0,0
73718,73735,36586,12215,2981,632,118,13,2,0,0,0
73666,73557,36700,12279,3097,592,98,11,0,0,0,0
73607,73503,36738,12302,3075,653,106,15,1,0,0,0
73839,73355,36839,12144,3101,593,109,14,6,0,0,0
73655,73411,36805,12299,3083,620,109,15,3,0,0,0
73463,73573,36868,12281,3101,611,93,9,1,0,0,0
73333,73675,37056,12137,3054,627,105,11,2,0,0,0
73413,73610,37103,12164,2999,599,96,15,1,0,0,0
73664,73189,36924,12393,3053,648,106,19,2,2,0,0
74027,73560,36476,12174,3035,604,105,15,4,0,0,0
73628,73808,36697,12137,2996,617,96,20,1,0,0,0
73532,73760,36717,12288,2996,573,123,10,1,0,0,0
73430,73179,37292,12222,3099,653,109,13,3,0,0,0
74010,73040,36684,12424,3126,589,111,13,3,0,0,0
73801,73586,36765,12019,3103,607,100,17,2,0,0,0
73652,73575,36626,12317,3055,645,110,18,2,0,0,0
73503,73388,36795,12468,3125,613,93,14,1,0,0,0
73557,73748,36801,12163,3006,613,99,13,0,0,0,0
73585,73847,36760,11979,3105,610,100,11,3,0,0,0
73832,73312,36869,12248,3033,611,79,14,2,0,0,0
73533,73292,37014,12229,3205,624,90,13,0,0,0,0
73732,73162,36840,12381,3194,592,86,11,2,0,0,0
73515,73552,36797,12378,3037,592,108,19,2,0,0,0
73960,73434,36638,12138,3072,643,102,10,3,0,0,0
73865,73490,36796,12092,3061,599,85,12,0,0,0,0
73702,73443,36631,12283,3197,630,99,12,3,0,0,0
73534,73681,36826,12195,3035,612,103,13,0,1,0,0
73636,73679,36610,12269,3048,635,106,15,2,0,0,0
74118,73335,36698,12083,3041,606,100,17,2,0,0,0
73704,73748,36644,12127,3052,606,97,19,3,0,0,0
73853,73680,36594,12123,3070,563,103,11,3,0,0,0
73870,73543,36590,12207,3059,619,100,10,1,1,0,0
73677,73218,37153,12191,3058,598,93,10,2,0,0,0
73781,73332,36832,12226,3092,636,77,22,2,0,0,0
73605,73462,36758,12408,3041,605,105,14,2,0,0,0
73810,73148,36939,12283,3107,595,105,13,0,0,0,0
73958,73550,36596,12110,3088,583,97,16,2,0,0,0
73347,73622,36884,12295,3127,620,88,14,3,0,0,0
73477,73560,36910,12275,3046,595,121,12,3,1,0,0
73470,74299,36336,12126,3074,588,95,12,0,0,0,0
73703,73128,36853,12524,3023,631,125,11,1,1,0,0
73872,73578,36508,12224,3093,610,102,11,1,0,1,0
73884,73550,36600,12111,3152,587,103,11,0,2,0,0
73346,73721,36786,12296,3085,644,106,13,3,0,0,0
74024,73459,36552,12256,3011,597,91,8,1,1,0,0
73593,73331,36981,12298,3029,651,97,17,3,0,0,0
73553,73655,36681,12339,3048,621,83,17,2,1,0,0
73297,73983,36598,12259,3116,608,120,18,1,0,0,0
73451,73421,37156,12184,3055,630,81,21,1,0,0,0
73370,73706,36816,12234,3139,608,102,20,5,0,0,0
73841,73296,36908,12215,2987,649,95,9,0,0,0,0
73931,73525,36447,12179,3125,666,112,14,1,0,0,0
73444,73689,36856,12258,3013,636,85,17,2,0,0,0
73696,73459,36726,12259,3119,627,100,13,1,0,0,0
73727,73428,36931,12106,3064,622,104,17,1,0,0,0
73648,73728,36920,12008,3041,569,76,9,1,0,0,0
73714,73829,36311,12394,3015,619,97,16,3,2,0,0
74094,73687,36349,12084,3057,595,118,15,1,0,0,0
73683,73652,36548,12405,3012,589,100,11,0,0,0,0
73481,73856,36698,12199,3009,638,100,17,1,1,0,0
73595,73563,36778,12246,3068,635,96,17,2,0,0,0
73237,73758,37014,12150,3143,599,83,15,1,0,0,0
73701,73223,37200,12152,2986,603,117,17,1,0,0,0
73807,73492,36583,12248,3117,632,109,12,0,0,0,0
73568,73306,36957,12383,3047,616,108,12,3,0,0,0
73477,73441,36907,12289,3132,607,128,18,1,0,0,0
73418,73587,36932,12170,3119,649,105,18,2,0,0,0
73519,73694,36834,12233,3019,595,92,12,2,0,0,0
73389,73822,36587,12374,3044,646,125,13,0,0,0,0
73944,73320,36661,12236,3101,623,100,13,2,0,0,0
73473,73705,36628,12341,3091,664,89,8,1,0,0,0
73384,73555,37087,12160,3058,664,86,5,1,0,0,0
73773,73615,36630,12171,3122,582,92,15,0,0,0,0
73490,73318,36975,12453,3072,575,98,18,1,0,0,0
73473,73652,36722,12361,3075,621,81,13,2,0,0,0
73535,73349,36918,12362,3110,623,80,20,3,0,0,0
74166,73230,36578,12240,3077,609,85,12,3,0,0,0
73738,73219,37025,12167,3043,675,111,20,2,0,0,0
73777,73438,36796,12144,3133,596,95,18,2,1,0,0
72921,74440,36582,12182,3136,629,94,14,2,0,0,0
73716,73617,36647,12200,3135,585,89,8,2,0,1,0
73501,73728,36804,12143,3123,590,87,20,4,0,0,0
73353,73697,37055,12142,3050,600,83,16,3,1,0,0
73795,73537,36748,12173,3030,593,104,18,2,0,0,0
73408,73654,36790,12294,3122,607,108,16,1,0,0,0
73591,73312,37053,12285,3037,589,105,27,1,0,0,0
73398,73286,37105,12365,3116,615,100,14,1,0,0,0
73700,73990,36670,11840,3091,574,112,22,1,0,0,0
73450,73527,37005,12185,3115,600,104,11,3,0,0,0
73316,73736,36814,12316,3105,595,105,12,1,0,0,0
73671,73721,36725,12160,3028,588,84,21,2,0,0,0
73506,73657,36716,12418,2978,610,99,12,4,0,0,0
73691,73757,36456,12272,3044,655,109,15,1,0,0,0
73657,73638,36754,12194,3050,594,103,9,1,0,0,0
73703,73536,36732,12247,3031,628,103,18,1,1,0,0
73528,73827,36862,12155,2912,595,100,20,1,0,0,0
73522,73505,36940,12242,3070,607,104,8,2,0,0,0
73702,73593,36533,12371,3099,581,102,17,2,0,0,0
73927,73545,36685,12032,3060,632,103,14,2,0,0,0
73237,73970,36654,12274,3129,607,102,18,8,1,0,0
73465,73895,36636,12204,3080,601,104,15,0,0,0,0
73593,73367,37068,12147,3073,628,108,16,0,0,0,0
73570,73475,36744,12311,3139,625,117,15,4,0,0,0
73274,73830,36713,12406,3050,620,87,18,2,0,0,0
73639,73824,36694,11986,3082,671,85,19,0,0,0,0
73721,73186,37041,12268,3067,594,109,11,3,0,0,0
73764,73338,36872,12228,3056,606,119,17,0,0,0,0
73594,73541,36751,12303,3094,593,111,11,2,0,0,0
73449,73749,36825,12138,3090,624,114,9,2,0,0,0
73472,73725,36716,12254,3108,611,94,18,2,0,0,0
73463,73769,36486,12517,3033,625,92,15,0,0,0,0
73763,73818,36492,12209,3006,570,118,22,2,0,0,0
73189,73733,36926,12281,3119,633,99,18,2,0,0,0
73784,73575,36770,12023,3098,611,120,16,3,0,0,0
73591,73404,37002,12219,3039,615,108,19,3,0,0,0
73468,73476,36765,12462,3112,585,117,14,1,0,0,0
73519,73472,36764,12324,3172,637,102,10,0,0,0,0
73637,73420,36832,12259,3102,622,114,13,1,0,0,0
73198,73872,37068,12097,3091,547,111,16,0,0,0,0
73373,74035,36626,12330,2953,575,94,13,1,0,0,0
73601,73747,36597,12312,3029,587,111,15,1,0,0,0
73741,73589,36715,12100,3098,632,108,15,2,0,0,0
73929,73305,36782,12235,3035,603,97,12,2,0,0,0
73360,73800,36727,12351,3026,625,91,19,1,0,0,0
73788,73431,36888,12203,2976,614,78,19,3,0,0,0
73639,73434,36758,12398,3037,634,91,9,0,0,0,0
73320,73333,37206,12383,3024,613,108,10,2,1,0,0
73565,73288,36963,12316,3094,652,110,10,2,0,0,0
73134,73840,36900,12246,3133,625,100,20,2,0,0,0
73567,73501,36757,12272,3151,627,110,13,2,0,0,0
73479,73465,36810,12486,3028,617,95,16,4,0,0,0
73461,73642,36891,12182,3095,590,121,15,3,0,0,0
73532,73644,36649,12400,3073,584,105,13,0,0,0,0
73557,73783,36473,12424,3046,587,108,22,0,0,0,0
73801,73434,36709,12179,3110,628,117,22,0,0,0,0
73595,73381,36803,12317,3164,620,105,14,1,0,0,0
73523,73468,36908,12288,3093,604,104,11,1,0,0,0
73526,73728,36762,12146,3117,614,92,14,1,0,0,0
73761,73198,36941,12309,3016,665,92,16,2,0,0,0
73769,73270,36618,12474,3085,661,111,11,0,0,1,0
73638,73541,36651,12415,3036,605,103,11,0,0,0,0
73616,73835,36490,12166,3111,648,109,22,3,0,0,0
73661,73475,36601,12446,3082,638,83,14,0,0,0,0
73719,73432,36975,12091,3102,573,83,24,1,0,0,0
73736,73888,36470,12228,2961,595,104,15,3,0,0,0
73735,73286,36871,12398,2997,580,122,9,2,0,0,0
73535,73826,36636,12226,3083,584,97,11,2,0,0,0
73359,73748,36846,12203,3093,631,106,13,1,0,0,0
73426,74001,36618,12244,3005,594,97,14,1,0,0,0
73816,73579,36694,12102,3114,593,94,7,1,0,0,0
74092,73269,36576,12204,3127,602,112,16,1,0,0,1
73663,73460,36716,12318,3096,634,102,9,2,0,0,0
73385,73868,36515,12447,3038,630,102,12,2,1,0,0
73312,73916,36745,12207,3121,584,96,18,1,0,0,0
73821,73076,36992,12305,3086,603,90,23,4,0,0,0
73822,73148,36758,12426,3094,616,124,9,3,0,0,0
74029,73943,36225,12022,3023,635,105,16,2,0,0,0
74086,73365,36672,12184,2961,621,97,13,1,0,0,0
73835,73660,36410,12205,3122,647,105,13,2,1,0,0
73486,73739,36712,12330,2949,647,117,18,2,0,0,0
73508,74125,36634,12082,2922,610,103,16,0,0,0,0
73386,73745,36782,12302,3025,615,122,22,1,0,0,0
73613,73579,36626,12451,3006,599,109,16,1,0,0,0
73437,73684,36683,12327,3135,608,109,16,1,0,0,0
73860,73251,36913,12152,3073,618,114,16,2,1,0,0
73759,73580,36497,12312,3086,655,94,16,1,0,0,0
73601,73534,36894,12192,3091,568,103,16,1,0,0,0
73650,73471,36839,12260,3024,638,108,9,1,0,0,0
73525,73736,36805,12109,3113,583,109,18,2,0,0,0
73105,74009,36810,12191,3155,616,101,12,1,0,0,0
73513,73879,36698,12152,3055,569,113,18,3,0,0,0
73334,73328,37187,12343,3083,616,95,14,0,0,0,0
73656,73437,37017,12037,3085,635,118,15,0,0,0,0
73419,73715,36700,12297,3130,623,103,11,2,0,0,0
73255,73843,36763,12350,3040,634,98,12,4,1,0,0
73582,73773,36696,12179,3041,610,106,7,4,2,0,0
73720,73260,36875,12342,3063,610,112,15,1,2,0,0
73208,73491,37185,12324,3046,646,85,13,2,0,0,0
73463,73149,37200,12380,3065,624,99,20,0,0,0,0
73372,73744,36891,12209,3074,596,101,12,1,0,0,0
73510,73864,36809,12078,3011,605,108,13,2,0,0,0
73889,73528,36714,12076,3094,595,91,12,1,0,0,0
73825,73584,36394,12323,3084,672,104,14,0,0,0,0
73565,73377,36977,12287,3088,589,100,15,1,1,0,0
73708,73164,36842,12483,3066,612,108,17,0,0,0,0
73636,73516,36774,12283,3055,606,116,12,2,0,0,0
73849,73454,36841,12151,2959,606,118,20,1,1,0,0
74097,73499,36469,12124,3067,611,116,14,2,1,0,0
73702,73668,36623,12216,3080,595,105,9,2,0,0,0
73759,73219,37168,12127,3020,594,90,19,3,1,0,0
73468,73867,36769,12145,3008,616,105,20,2,0,0,0
73528,73681,36591,12483,3048,556,97,15,1,0,0,0
73544,73639,36791,12273,3007,630,96,19,1,0,0,0
73433,73908,36563,12346,3017,606,101,22,2,1,1,0
73408,73518,37065,12172,3094,620,103,17,2,1,0,0
73692,73503,36654,12359,3058,609,112,13,0,0,0,0
73623,73480,36940,12019,3148,661,112,15,2,0,0,0
73937,73093,36901,12337,2997,641,77,17,0,0,0,0
73711,73869,36518,12140,3020,644,89,7,2,0,0,0
73870,72988,36906,12369,3148,608,95,12,3,1,0,0
73163,74166,36836,12184,2983,561,88,17,2,0,0,0
73684,73508,36775,12186,3131,614,88,14,0,0,0,0
73873,73341,36833,12169,3088,585,100,10,1,0,0,0
73736,73529,36748,12244,3010,619,94,17,3,0,0,0
73224,73755,36736,12466,3105,592,109,11,2,0,0,0
73717,73374,37035,12129,3052,571,109,12,1,0,0,0
73481,73797,36637,12242,3127,610,87,18,0,1,0,0
73435,73453,36856,12413,3077,652,99,12,3,0,0,0
73874,73512,36797,12074,2990,618,119,16,0,0,0,0
73485,73886,36647,12183,3017,653,104,22,2,1,0,0
73686,73701,36525,12260,3118,586,110,12,2,0,0,0
73819,73713,36675,12098,2979,598,104,14,0,0,0,0
73489,73509,37179,12027,3071,606,103,13,2,1,0,0
73536,73393,37061,12215,3060,626,101,8,0,0,0,0
73761,73524,36732,12223,3021,613,106,19,1,0,0,0
73392,73963,36794,12097,3027,623,90,13,1,0,0,0
73751,73453,36812,12223,3002,646,91,20,2,0,0,0
73590,73401,36617,12500,3120,648,110,12,1,1,0,0
73862,73593,36484,12216,3096,625,104,16,4,0,0,0
73917,73397,36751,12226,2955,626,108,16,4,0,0,0
73716,73673,36782,12193,2939,562,120,13,2,0,0,0
73467,73799,36746,12149,3079,635,101,19,3,2,0,0
73995,72956,36789,12467,3078,603,100,10,2,0,0,0
73780,73654,36554,12171,3040,664,116,18,3,0,0,0
73483,73710,36733,12308,3084,578,95,8,1,0,0,0
73618,73449,36986,12260,2960,599,108,14,6,0,0,0
73457,73304,37082,12257,3182,593,107,18,0,0,0,0
73782,73443,36749,12109,3168,617,118,14,0,0,0,0
73571,73808,36664,12096,3090,638,110,22,1,0,0,0
73505,73772,36778,12274,2952,602,102,13,2,0,0,0
73418,73717,36737,12314,3056,651,97,9,1,0,0,0
74130,73283,36736,12179,2988,580,91,11,2,0,0,0
73645,73411,36966,12120,3136,591,110,18,3,0,0,0
73655,73579,36826,12142,3054,626,104,11,3,0,0,0
73413,74007,36603,12183,3071,613,97,11,1,1,0,0
73765,73390,37055,12074,3015,593,89,16,3,0,0,0
73828,73742,36751,11900,3037,643,83,12,4,0,0,0
73948,73391,36723,12099,3121,582,115,19,1,1,0,0
73693,73268,36901,12322,3110,573,117,14,2,0,0,0
73683,73842,36326,12379,3070,600,89,11,0,0,0,0
73579,73645,36809,12164,3100,572,117,12,2,0,0,0
73455,73802,36591,12383,3045,604,103,16,1,0,0,0
73326,73745,36945,12207,3039,607,115,13,3,0,0,0
73430,73751,36653,12385,3074,610,84,12,1,0,0,0
73811,73889,36223,12298,3062,607,91,16,2,1,0,0
73603,73817,36634,12101,3119,608,99,16,3,0,0,0
73589,73568,36821,12240,3069,579,120,13,1,0,0,0
73332,73941,36843,12163,3043,558,101,18,1,0,0,0
73947,73302,36738,12232,3051,622,94,12,2,0,0,0
73334,73469,37120,12214,3143,587,114,16,2,1,0,0
73472,73524,37007,12183,3073,635,89,14,3,0,0,0
73469,73761,36699,12290,3060,580,121,17,1,2,0,0
73509,73709,36745,12322,3022,574,103,16,0,0,0,0
73737,73552,36661,12193,3096,625,114,21,1,0,0,0
73472,73735,36826,12086,3107,652,107,14,0,1,0,0
73927,73604,36533,12088,3123,621,94,9,1,0,0,0
73933,73439,36660,12173,3044,620,118,13,0,0,0,0
73618,73713,36630,12334,3034,556,98,17,0,0,0,0
73461,73686,36727,12315,3085,609,100,15,2,0,0,0
73872,73533,36558,12141,3160,613,103,17,2,1,0,0
73597,73199,36975,12478,3015,622,93,19,2,0,0,0
73262,74092,36664,12210,3072,574,111,11,4,0,0,0
73490,73690,36651,12407,3040,612,91,13,2,3,1,0
73401,73715,36825,12177,3102,665,103,11,1,0,0,0
73559,73791,36780,12074,3070,612,94,18,2,0,0,0
73870,73314,36711,12251,3130,591,125,7,1,0,0,0
73648,73751,36490,12257,3112,639,90,13,0,0,0,0
73257,73821,36899,12191,3106,598,117,7,4,0,0,0
73611,73677,36626,12336,3056,586,95,13,0,0,0,0
73324,73681,36712,12432,3124,604,103,18,1,1,0,0
73737,73456,36824,12196,3084,589,96,15,3,0,0,0
73652,73539,36652,12243,3145,639,108,20,2,0,0,0
73839,73554,36603,12192,3119,566,110,14,3,0,0,0
73551,73397,36929,12335,3065,603,99,18,2,0,0,1
73407,73825,36693,12342,2995,616,104,17,1,0,0,0
73667,73600,36681,12193,3116,610,111,20,1,1,0,0
73580,73606,36755,12298,3046,605,94,15,1,0,0,0
73523,73371,37042,12166,3168,595,115,17,3,0,0,0
73682,73527,37031,11968,3002,677,94,17,2,0,0,0
73876,73395,36788,12132,3106,591,97,14,1,0,0,0
73795,73388,36658,12324,3056,642,118,14,5,0,0,0
73382,73791,36777,12278,3030,624,100,15,2,1,0,0
73818,73596,36566,12260,3039,593,115,13,0,0,0,0
73715,73198,36972,12295,3098,596,110,15,1,0,0,0
73697,73535,36888,12162,3003,596,104,13,2,0,0,0
73149,73546,37158,12317,3085,619,110,14,1,1,0,0
73983,73432,36511,12293,3068,608,83,20,2,0,0,0
73690,73569,36778,12150,3061,625,109,17,1,0,0,0
73910,73504,36550,12248,3088,585,93,21,1,0,0,0
73628,73574,36942,11951,3162,619,107,15,2,0,0,0
73331,73697,36870,12346,3046,583,106,18,3,0,0,0
73389,73608,36899,12238,3119,626,100,19,2,0,0,0
73233,73347,36968,12526,3186,610,111,17,1,1,0,0
73591,73571,36828,12219,3047,629,97,15,3,0,0,0
73362,73877,36742,12204,3066,629,108,11,1,0,0,0
73568,73419,36840,12334,3074,653,94,16,2,0,0,0
73565,73471,36789,12387,3037,616,114,17,3,1,0,0
73427,73544,36911,12339,3034,613,119,12,1,0,0,0
73582,73700,36809,12100,3126,561,101,18,3,0,0,0
73943,73336,36784,12140,3072,620,91,12,1,1,0,0
73574,73612,36699,12287,3089,616,103,16,3,1,0,0
74086,73034,36906,12244,2968,634,112,15,1,0,0,0
73805,73234,36919,12242,3061,618,105,14,1,1,0,0
73795,73341,36633,12270,3219,611,115,16,0,0,0,0
73690,73441,36625,12323,3157,639,103,18,4,0,0,0
73774,73386,36471,12591,3059,606,96,15,2,0,0,0
73514,73656,36763,12230,3176,554,90,14,3,0,0,0
73756,73596,36559,12310,3075,587,103,13,1,0,0,0
73716,73539,36662,12351,2988,605,114,20,5,0,0,0
73699,73391,36850,12288,3029,605,115,20,1,1,1,0
73542,73654,36704,12347,3021,617,95,19,1,0,0,0
74078,73226,36681,12225,3029,644,97,18,2,0,0,0
73555,74122,36565,12123,2950,577,93,14,1,0,0,0
73361,73604,36912,12356,3058,600,94,14,1,0,0,0
73484,73691,36863,12207,3045,587,103,19,1,0,0,0
73813,73400,36464,12329,3225,639,117,12,1,0,0,0
73825,73497,36528,12357,3097,579,95,19,3,0,0,0
73543,73458,36860,12368,3046,618,89,17,1,0,0,0
73655,73487,36916,12177,3053,599,98,13,2,0,0,0
73497,73563,36774,12422,3001,624,104,13,2,0,0,0
73563,73566,36842,12169,3122,617,102,17,2,0,0,0
73774,73557,36632,12217,3085,615,98,16,4,1,1,0
73737,73396,36878,12147,3088,648,83,19,3,1,0,0
73291,73901,36769,12238,3007,666,113,13,2,0,0,0
73722,73754,36410,12281,3101,629,90,12,1,0,0,0
73619,73647,36740,12220,3030,609,111,19,5,0,0,0
73896,73566,36576,12217,3043,579,113,9,1,0,0,0
73559,73528,36800,12201,3182,620,97,12,1,0,0,0
73370,73963,36439,12333,3146,614,116,17,2,0,0,0
73395,73951,36457,12314,3105,636,122,17,3,0,0,0
72988,73678,37066,12449,3070,632,103,10,3,1,0,0
73455,73554,36965,12204,3078,619,114,9,2,0,0,0
73174,74045,36833,12132,3105,593,101,13,4,0,0,0
73596,73787,36562,12300,3032,628,87,6,2,0,0,0
72946,73768,36984,12430,3092,643,111,20,6,0,0,0
73778,73552,36591,12309,3069,580,107,11,3,0,0,0
73597,73625,36716,12249,3074,623,103,12,1,0,0,0
73257,73665,36772,12470,3074,640,102,19,1,0,0,0
74022,73313,36599,12235,3114,595,104,15,2,0,1,0
73509,73664,36577,12558,2990,592,91,17,2,0,0,0
73409,73724,36769,12372,2996,625,88,16,1,0,0,0
73844,73520,36589,12178,3104,624,122,18,1,0,0,0
73520,73787,36665,12270,3053,586,96,20,3,0,0,0
73531,73570,36907,12132,3128,633,88,9,1,1,0,0
73925,73227,36749,12356,3018,601,103,21,0,0,0,0
73495,73991,36510,12229,3072,578,108,15,0,1,1,0
73855,73572,36524,12241,3115,580,102,10,1,0,0,0
73498,73719,36884,12078,3114,582,106,15,4,0,0,0
73679,73526,36756,12204,3086,630,104,13,2,0,0,0
73754,73445,36598,12396,3033,651,106,17,0,0,0,0
73318,73483,37205,12259,3005,602,115,11,2,0,0,0
73243,73710,37019,12241,3031,624,112,15,5,0,0,0
73403,73684,36796,12280,3090,599,126,20,2,0,0,0
73771,73454,36697,12352,3017,584,110,12,3,0,0,0
73264,73728,37087,12159,3091,571,84,15,1,0,0,0
73580,73678,36639,12317,3068,598,108,12,0,0,0,0
73158,73531,36999,12400,3169,610,114,13,5,0,1,0
73433,73506,36863,12355,3091,611,119,18,4,0,0,0
73914,73685,36394,12180,3055,640,120,10,2,0,0,0
73392,73430,37073,12234,3088,658,107,16,2,0,0,0
73389,73638,36829,12267,3115,645,96,18,3,0,0,0
73525,73697,36673,12191,3159,632,115,8,0,0,0,0
73482,73675,36832,12142,3114,622,114,17,2,0,0,0
73846,73363,36754,12255,3084,560,117,17,4,0,0,0
73333,73750,36693,12357,3149,599,105,12,2,0,0,0
73530,73913,36558,12246,3026,613,102,10,1,1,0,0
73658,73393,36796,12382,3054,603,99,14,1,0,0,0
72990,73955,36965,12250,3124,627,78,10,1,0,0,0
73132,73827,37032,12153,3116,617,102,19,2,0,0,0
73487,73734,36591,12285,3157,626,104,14,2,0,0,0
73576,73478,36810,12303,3077,636,104,15,1,0,0,0
73890,73435,36645,12282,2956,679,97,14,2,0,0,0
73384,73741,36886,12264,3004,599,106,15,1,0,0,0
73412,73595,36705,12539,3055,596,84,11,2,1,0,0
73524,73604,36858,12231,3041,610,116,15,0,1,0,0
73713,73514,36691,12403,3010,571,85,10,2,1,0,0
73641,73286,36992,12298,3030,616,114,21,2,0,0,0
73590,73720,36455,12415,3118,579,102,18,2,1,0,0
73577,73465,36865,12347,3043,575,111,15,1,1,0,0
73952,73288,36673,12317,3046,601,109,13,1,0,0,0
73282,73883,36658,12429,3053,593,90,12,0,0,0,0
73481,73580,36808,12308,3124,582,103,14,0,0,0,0
73796,73717,36476,12263,3014,617,102,12,3,0,0,0
73480,73498,36939,12255,3091,618,105,10,3,1,0,0
73564,73444,36933,12307,3046,582,103,20,1,0,0,0
73574,73407,36855,12332,3087,614,114,11,6,0,0,0
73728,73836,36397,12149,3120,631,120,13,6,0,0,0
73594,73402,36912,12271,3062,616,130,11,2,0,0,0
73489,73496,36829,12387,3064,608,108,15,4,0,0,0
73553,73735,36599,12302,3031,644,112,21,3,0,0,0
73575,73489,36784,12246,3126,672,93,13,1,1,0,0
73600,73689,36690,12245,3014,642,100,18,2,0,0,0
73094,73739,37022,12386,3044,594,96,22,1,2,0,0
73594,73476,37049,12171,3009,601,84,11,4,1,0,0
73614,73814,36478,12284,3091,597,107,13,2,0,0,0
73680,73785,36531,12279,2985,627,96,17,0,0,0,0
73429,73771,36746,12301,3038,599,93,18,5,0,0,0
73392,73597,36849,12357,3092,589,111,12,1,0,0,0
73477,73963,36590,12176,3064,618,93,18,1,0,0,0
73494,73470,36913,12422,3037,565,83,13,3,0,0,0
73859,73265,36745,12480,2961,584,89,14,1,1,1,0
73619,73570,36830,12213,3043,602,100,21,2,0,0,0
73972,73218,36869,12114,3086,612,119,9,1,0,0,0
73521,73843,36822,12169,2927,596,99,22,1,0,0,0
73348,73850,36584,12423,3100,559,113,22,1,0,0,0
73933,73355,36645,12272,3051,609,115,14,5,1,0,0
73404,73792,36676,12238,3137,642,95,13,3,0,0,0
73643,73539,36786,12278,3014,614,106,17,3,0,0,0
73900,73046,36887,12259,3148,649,102,9,0,0,0,0
73707,73525,36646,12278,3066,654,108,14,1,1,0,0
73901,73482,36651,12152,3096,612,93,11,2,0,0,0
73559,73563,36768,12346,2994,629,123,18,0,0,0,0
73231,73553,37056,12323,3140,596,91,8,2,0,0,0
73846,73124,36855,12307,3165,598,93,11,1,0,0,0
73479,73455,37107,12266,3009,561,103,17,2,1,0,0
73667,73386,36897,12325,3013,593,99,20,0,0,0,0
73241,73648,36970,12314,3085,607,117,17,1,0,0,0
73598,73490,36625,12387,3135,643,102,16,4,0,0,0
73662,73539,36739,12249,2975,719,97,18,1,1,0,0
73871,73671,36622,12132,2956,620,109,16,3,0,0,0
73758,73514,36783,12204,3048,577,101,15,0,0,0,0
74043,73483,36729,12002,3041,591,98,13,0,0,0,0
73564,73600,36871,12205,3048,603,94,11,4,0,0,0
73743,73345,36803,12335,3024,621,110,16,3,0,0,0
73746,73490,36692,12256,3091,599,106,14,6,0,0,0
73486,73930,36319,12387,3136,623,100,17,2,0,0,0
73371,73786,36871,12217,3049,598,91,16,1,0,0,0
73438,73619,36843,12312,3085,592,97,13,1,0,0,0
73731,73561,36726,12133,3114,601,108,20,6,0,0,0
73679,73896,36671,12050,3000,592,98,13,0,1,0,0
73382,73973,36428,12332,3143,629,96,16,0,0,1,0
73463,73788,36693,12222,3074,638,98,20,3,1,0,0
73457,73633,36765,12305,3101,634,93,9,3,0,0,0
73672,73748,36707,12130,3059,576,95,9,4,0,0,0
73681,73385,36902,12327,3005,592,91,11,5,1,0,0
73597,73318,36987,12290,3071,613,106,15,3,0,0,0
73443,73913,36807,12025,3090,596,107,15,4,0,0,0
73572,73772,36651,12129,3154,598,105,14,4,1,0,0
73832,73451,36719,12149,3124,591,118,11,5,0,0,0
73140,73824,36977,12299,3068,571,100,21,0,0,0,0
73326,73511,37137,12199,3129,590,93,15,0,0,0,0
73390,73863,36738,12183,3086,621,105,13,1,0,0,0
74014,73498,36473,12263,3069,581,90,11,0,1,0,0
73476,73789,36649,12291,3058,613,105,18,1,0,0,0
73192,73771,37071,12072,3152,633,97,10,2,0,0,0
73622,73515,36886,12208,3045,584,118,20,2,0,0,0
73781,73288,36908,12195,3101,612,95,20,0,0,0,0
73729,73599,36529,12260,3192,595,81,11,3,1,0,0
73533,73107,37408,12235,3016,585,104,12,0,0,0,0
73864,73355,36650,12313,3084,603,115,15,1,0,0,0
73458,73684,36881,12276,2939,635,115,8,3,1,0,0
73729,73290,36794,12385,3072,609,106,15,0,0,0,0
73459,73864,36795,12122,3090,554,107,8,1,0,0,0
73229,73918,36917,12171,3078,563,109,13,2,0,0,0
73352,73605,36905,12372,3028,626,98,12,1,1,0,0
73309,73781,36905,12191,3057,627,108,19,2,1,0,0
73358,73190,37074,12375,3232,645,113,11,2,0,0,0
73870,73593,36617,12180,2977,635,113,12,3,0,0,0
73281,74058,36664,12255,2991,634,105,11,1,0,0,0
73874,73249,36893,12197,3047,643,80,15,2,0,0,0
73270,73707,37113,12191,3008,591,102,13,2,3,0,0
73770,73464,36865,12156,3031,601,97,13,3,0,0,0
73373,73756,36860,12337,2957,598,103,14,2,0,0,0
73777,73479,36476,12478,3056,609,107,18,0,0,0,0
73845,73330,36799,12242,3076,586,105,16,1,0,0,0
73567,73730,36790,12166,3048,586,97,15,1,0,0,0
73491,73495,36855,12334,3100,597,111,16,1,0,0,0
73465,73686,36602,12389,3103,634,106,13,2,0,0,0
73833,73485,36698,12221,3019,629,97,17,1,0,0,0
73360,73657,36946,12270,3021,601,121,20,4,0,0,0
73493,73388,36998,12248,3123,630,112,6,1,1,0,0
73356,73747,36881,12274,3018,616,89,19,0,0,0,0
73776,73411,36752,12196,3121,636,87,20,0,1,0,0
73240,73589,37048,12233,3158,605,113,11,3,0,0,0
74004,73430,36560,12251,3007,627,107,11,2,1,0,0
73816,73240,36802,12339,3106,594,89,13,1,0,0,0
73716,73303,36934,12285,3022,601,119,16,3,1,0,0
73502,73624,36696,12408,3035,611,111,11,2,0,0,0
73339,73580,37079,12184,3089,610,101,14,4,0,0,0
73352,73728,36842,12315,3068,580,99,15,1,0,0,0
73722,73503,36750,12247,3034,650,75,17,1,0,1,0
73329,73426,37244,12179,3073,629,104,13,3,0,0,0
73306,73977,36675,12256,3040,631,93,20,2,0,0,0
73467,73788,36711,12190,3094,645,97,7,1,0,0,0
73589,73285,36909,12366,3102,639,99,9,2,0,0,0
73466,73599,36869,12305,2978,658,104,18,3,0,0,0
73538,73468,36929,12221,3107,611,116,9,1,0,0,0
73292,73907,36736,12269,3102,581,96,13,4,0,0,0
73550,73753,36756,12256,2951,626,85,16,7,0,0,0
73259,73671,36869,12417,3047,615,103,17,1,0,1,0
73697,73506,36879,12109,3051,638,99,13,7,1,0,0
73502,73651,36760,12288,3067,599,121,11,1,0,0,0
73765,73435,36663,12274,3108,646,96,12,1,0,0,0
73344,73413,36936,12387,3188,612,101,15,3,1,0,0
73218,74087,36520,12305,3135,615,103,12,5,0,0,0
73517,73337,36978,12308,3121,618,105,16,0,0,0,0
73885,73363,36635,12333,3057,613,97,14,1,2,0,0
73463,73417,36945,12418,3025,625,89,17,1,0,0,0
73589,73613,36655,12278,3126,622,99,14,3,1,0,0
73678,73753,36749,12100,3003,595,107,10,4,1,0,0
73806,73346,36839,12315,2982,584,116,12,0,0,0,0
73469,73702,36670,12362,3047,629,106,14,1,0,0,0
73404,73673,36829,12259,3074,624,121,16,0,0,0,0
73376,73313,37078,12390,3059,652,115,16,0,1,0,0
73685,73656,36784,12180,3016,576,89,11,3,0,0,0
73503,73777,36513,12467,3074,556,92,17,0,1,0,0
73290,73619,36910,12402,3087,585,98,9,0,0,0,0
73279,73822,36809,12251,3113,612,100,10,4,0,0,0
73354,73797,36822,12282,3014,610,99,21,1,0,0,0
73736,73460,36807,12213,3043,633,85,20,2,1,0,0
73707,73508,36764,12248,3052,602,98,17,3,1,0,0
73501,73992,36458,12224,3056,644,106,19,0,0,0,0
73648,73366,37024,12152,3080,620,97,11,2,0,0,0
73500,73386,36930,12398,3089,560,123,11,3,0,0,0
73778,73506,36769,12215,2993,607,118,14,0,0,0,0
73344,73711,36753,12342,3107,615,115,12,1,0,0,0
73673,73497,36887,12196,3036,612,79,19,1,0,0,0
73935,73466,36680,12196,2997,602,108,12,4,0,0,0
73369,73710,37020,12123,3064,591,104,17,2,0,0,0
73573,73888,36575,12114,3101,618,113,15,3,0,0,0
73691,73279,36887,12329,3102,592,96,22,1,0,1,0
73477,73466,36784,12462,3069,624,105,12,1,0,0,0
73215,73567,37023,12342,3081,658,88,21,4,1,0,0
73517,73571,36594,12538,3033,634,104,9,0,0,0,0
73339,73813,36735,12276,3095,618,105,18,1,0,0,0
73601,73324,36942,12303,3086,605,121,17,1,0,0,0
73699,73685,36635,12238,3015,614,90,19,3,2,0,0
73703,73420,36772,12277,3112,580,118,17,1,0,0,0
73658,73640,36810,12031,3099,653,90,14,4,1,0,0
73548,73574,36790,12316,3026,625,109,10,2,0,0,0
73562,73859,36615,12246,2968,622,110,18,0,0,0,0
73371,73946,36676,12160,3150,579,96,17,4,1,0,0
73700,73263,37095,12096,3169,551,112,11,3,0,0,0
73293,73541,37189,12145,3060,645,108,16,3,0,0,0
73562,73355,36961,12347,3071,596,94,14,0,0,0,0
73614,73463,36560,12530,3106,611,99,15,2,0,0,0
73814,73428,36831,12149,3000,657,109,12,0,0,0,0
73242,73913,36698,12279,3097,638,110,20,2,1,0,0
73639,73663,36804,12118,3041,613,105,15,1,1,0,0
73549,73556,36911,12233,3056,586,92,14,2,1,0,0
73643,73470,36691,12395,3102,561,127,10,1,0,0,0
74035,73084,36758,12385,3019,600,105,14,0,0,0,0
73527,73609,36691,12401,3014,629,113,13,2,1,0,0
73797,73479,36711,12216,3073,610,106,8,0,0,0,0
73563,73676,36624,12246,3117,652,110,9,3,0,0,0
73721,73496,36772,12224,3075,586,113,9,3,1,0,0
73130,74056,36825,12193,3052,623,106,14,1,0,0,0
73614,73756,36479,12403,3035,584,111,16,2,0,0,0
73546,73509,36802,12351,3096,593,86,16,1,0,0,0
73472,73611,36788,12368,3035,609,100,16,1,0,0,0
73439,73285,37215,12270,3067,601,109,12,1,1,0,0
73801,73627,36551,12266,3018,606,116,13,1,1,0,0
73713,73788,36598,12181,2993,604,111,10,2,0,0,0
73523,73769,36638,12264,3119,575,98,13,1,0,0,0
73563,73698,36768,12206,3047,605,99,13,1,0,0,0
73359,73360,37004,12425,3123,613,102,13,1,0,0,0
73135,73743,36940,12291,3151,609,116,14,1,0,0,0
73565,73575,36884,12234,2991,627,108,16,0,0,0,0
73107,73700,36952,12388,3152,596,90,13,2,0,0,0
73014,73886,36892,12348,3124,616,103,15,2,0,0,0
74122,73139,36703,12268,3025,619,103,19,2,0,0,0
73520,73596,36890,12240,3031,600,115,7,1,0,0,0
73418,73360,37191,12320,3017,564,112,16,2,0,0,0
73420,73651,36995,12184,3020,613,107,7,3,0,0,0
73497,73366,37036,12234,3127,634,98,8,0,0,0,0
73614,73722,36500,12325,3141,590,91,15,2,0,0,0
73440,73727,36819,12157,3130,608,104,12,3,0,0,0
73926,73845,36199,12287,3022,602,98,16,5,0,0,0
73813,73429,36642,12221,3155,609,116,12,3,0,0,0
73395,73576,37121,12187,2996,630,83,9,3,0,0,0
73668,73207,36880,12406,3079,618,119,18,5,0,0,0
73410,73929,36443,12295,3203,600,102,16,2,0,0,0
73888,73494,36374,12527,3015,583,98,16,5,0,0,0
73642,73670,36795,12214,3022,546,90,19,2,0,0,0
73764,73203,36955,12159,3214,607,88,10,0,0,0,0
73402,73548,37050,12208,3065,607,107,10,3,0,0,0
73308,73684,36908,12309,3041,622,111,14,2,1,0,0
73697,73422,36857,12206,3061,619,114,20,3,1,0,0
73850,73209,36837,12410,2971,606,102,14,1,0,0,0
73365,73746,36679,12440,3081,577,92,18,2,0,0,0
73501,73614,36812,12203,3072,664,120,11,3,0,0,0
73570,73581,36776,12308,3014,631,104,12,3,1,0,0
73659,73713,36551,12310,3075,569,108,12,3,0,0,0
73802,73161,36889,12344,3075,609,102,16,2,0,0,0
73649,73374,36817,12357,3121,583,82,17,0,0,0,0
73728,73651,36681,12157,3062,590,111,17,3,0,0,0
73492,73984,36633,12186,2975,611,102,15,2,0,0,0
73650,73606,36815,12091,3074,641,107,15,1,0,0,0
73348,73579,36771,12548,3033,616,87,16,2,0,0,0
73729,73111,37090,12227,3103,623,98,17,2,0,0,0
73377,73579,36764,12364,3138,645,118,15,0,0,0,0
73360,73835,36762,12219,3089,620,96,17,2,0,0,0
73727,73795,36582,12199,2992,607,91,7,0,0,0,0
73522,73493,36675,12420,3142,607,121,18,2,0,0,0
73934,73268,36562,12378,3128,611,98,19,2,0,0,0
73506,73378,36948,12355,3075,615,101,16,5,1,0,0
73690,73350,36875,12336,3018,604,112,13,1,1,0,0
73832,73514,36569,12262,3088,607,107,17,2,2,0,0
73587,73759,36592,12248,3075,628,90,17,4,0,0,0
74001,73404,36573,12158,3083,643,113,22,3,0,0,0
73790,73171,37059,12148,3070,646,98,16,2,0,0,0
73379,73588,36964,12315,3062,608,72,8,3,1,0,0
73828,73643,36649,12148,3065,568,82,16,1,0,0,0
73759,73517,36800,12090,3114,589,107,20,4,0,0,0
73398,73978,36683,12168,3033,625,95,18,2,0,0,0
73695,73701,36740,12061,3078,611,99,14,1,0,0,0
73582,73592,36906,12104,3071,637,89,18,1,0,0,0
73717,73300,36757,12423,3033,628,131,11,0,0,0,0
73686,73446,36958,12122,3056,617,101,14,0,0,0,0
73890,73474,36523,12238,3127,638,91,18,1,0,0,0
73402,73748,36765,12272,3076,621,97,15,3,1,0,0
73805,73095,36943,12386,3052,624,82,13,0,0,0,0
73727,73496,36665,12264,3132,611,96,9,0,0,0,0
73356,73649,36886,12361,3020,601,115,10,2,0,0,0
73632,73578,36904,12137,3005,634,94,14,2,0,0,0
73761,73212,36812,12357,3112,616,115,14,0,1,0,0
73825,73493,36719,12278,2980,597,90,14,3,1,0,0
73062,74186,36618,12342,3035,633,108,13,3,0,0,0
73475,73725,36626,12392,3065,601,101,14,1,0,0,0
73518,73520,36922,12272,3088,566,96,15,3,0,0,0
73724,73571,36786,12102,3078,611,104,22,2,0,0,0
73726,73275,36904,12333,3037,602,108,13,2,0,0,0
73793,73356,36763,12251,3157,554,110,13,3,0,0,0
73664,73865,36523,12211,2998,645,79,14,1,0,0,0
73578,73210,37109,12267,3099,628,96,12,1,0,0,0
73682,73568,36739,12263,3003,617,113,12,3,0,0,0
73502,73711,36815,12117,3134,609,101,9,1,1,0,0
73524,73571,36622,12554,2986,613,108,17,5,0,0,0
73814,73320,36833,12275,3008,634,102,12,2,0,0,0
73313,73741,36958,12142,3104,631,98,13,0,0,0,0
73302,73667,37001,12216,3017,671,108,17,1,0,0,0
74084,73454,36382,12275,3096,597,92,19,1,0,0,0
73792,73376,36787,12091,3169,648,108,26,3,0,0,0
73537,73780,36581,12293,3082,608,101,17,1,0,0,0
74032,73066,36640,12408,3139,605,99,10,1,0,0,0
73279,73598,37058,12335,2978,626,105,19,2,0,0,0
73491,73777,36765,12265,2984,616,83,18,1,0,0,0
73340,73629,36902,12300,3062,655,94,17,1,0,0,0
73213,73689,37005,12246,3078,641,108,14,6,0,0,0
73812,73417,36623,12214,3202,602,104,24,2,0,0,0
73801,73188,36930,12196,3136,620,110,18,1,0,0,0
73469,73638,36691,12410,3047,637,83,24,1,0,0,0
73194,73646,37087,12308,3028,618,101,16,2,0,0,0
73052,73834,36984,12262,3141,622,91,13,1,0,0,0
73313,73873,36821,12323,2980,567,102,16,3,2,0,0
73598,73366,36813,12398,3108,589,111,16,1,0,0,0
73624,73893,36478,12236,3073,570,109,15,2,0,0,0
73459,73469,36901,12310,3124,621,103,10,3,0,0,0
73675,73605,36733,12220,3031,615,100,20,1,0,0,0
73338,73833,36625,12411,3082,587,98,23,3,0,0,0
73448,73497,36999,12227,3098,604,117,7,2,1,0,0
73228,73690,36999,12373,2977,602,123,8,0,0,0,0
73458,73770,36890,12028,3134,599,103,16,0,2,0,0
73920,73528,36685,12181,2989,573,104,18,2,0,0,0
73735,73367,36768,12323,3041,642,110,10,4,0,0,0
73216,73854,36833,12294,3084,599,106,14,0,0,0,0
73263,73683,36856,12365,3117,596,105,14,1,0,0,0
73516,73993,36741,12053,2949,635,94,18,1,0,0,0
73994,73375,36724,12202,3018,566,109,11,1,0,0,0
73321,73977,36767,12080,3149,596,101,8,1,0,0,0
73736,73206,36972,12364,3013,613,81,12,3,0,0,0
73600,73501,36780,12379,3051,585,87,16,1,0,0,0
73901,73170,36879,12354,2981,593,99,21,2,0,0,0
73334,73608,37026,12150,3090,658,116,16,2,0,0,0
73528,73302,36870,12412,3136,624,110,17,1,0,0,0
73683,73814,36525,12277,2990,606,97,8,0,0,0,0
73669,73497,37007,12041,3086,585,100,13,2,0,0,0
73547,73684,36656,12374,3046,572,111,9,1,0,0,0
73887,73241,36984,12101,3076,587,110,13,1,0,0,0
73726,73501,36611,12334,3125,574,121,7,1,0,0,0
73561,73551,36885,12253,3026,625,80,17,2,0,0,0
72991,73776,37020,12257,3198,638,98,20,2,0,0,0
73589,73326,36889,12259,3196,623,97,17,4,0,0,0
73482,73731,36958,12072,3021,618,110,7,1,0,0,0
73858,73109,36664,12559,3073,618,102,15,2,0,0,0
73568,73755,36719,12136,3105,598,97,20,1,1,0,0
73537,73410,37043,12250,3064,577,104,14,1,0,0,0
73597,73842,36551,12295,2979,605,114,17,0,0,0,0
73797,73376,36478,12434,3166,618,114,15,1,1,0,0
73317,73598,36850,12342,3153,624,94,20,1,1,0,0
73131,73408,37255,12359,3094,630,103,16,3,1,0,0
73436,73630,36623,12512,3091,591,94,21,2,0,0,0
73573,73161,37185,12242,3110,619,96,13,1,0,0,0
73634,73296,36983,12250,3096,615,111,14,1,0,0,0
73681,73309,36952,12293,2990,646,110,17,1,1,0,0
73510,73474,36731,12394,3168,606,94,21,2,0,0,0
72832,74109,36861,12359,3114,613,97,12,1,2,0,0
73766,73348,36730,12321,3086,624,100,22,2,1,0,0
73542,73613,37007,12124,3022,590,86,15,0,1,0,0
73525,73407,36964,12297,3072,624,93,15,3,0,0,0
73484,73821,36767,12135,3058,615,105,12,3,0,0,0
73826,73034,36923,12386,3123,603,94,9,2,0,0,0
73580,73409,36896,12311,3101,608,82,10,3,0,0,0
73464,73464,36924,12288,3056,672,112,18,2,0,0,0
73783,73472,36685,12217,3095,642,96,7,3,0,0,0
73715,73476,36846,12150,3065,619,109,19,1,0,0,0
73573,73208,36902,12391,3121,681,107,14,3,0,0,0
73755,73739,36527,12209,3009,617,118,23,3,0,0,0
