73508,73357,36887,12306,3177,625,121,17,2,0,0,0
73576,73381,36902,12389,3013,623,102,13,1,0,0,0
73272,73781,36967,12128,3116,612,104,16,4,0,0,0
73150,73711,37085,12261,3063,606,105,18,1,0,0,0
73923,73272,36722,12298,3031,620,113,16,4,1,0,0
73622,73581,36809,12240,3026,611,97,10,4,0,0,0
73604,73258,37092,12215,3070,632,113,13,3,0,0,0
73931,73277,36766,12288,3039,586,95,14,3,1,0,0
73629,73795,36550,12196,3126,582,109,10,3,0,0,0
73579,73872,36588,12280,2980,593,93,14,1,0,0,0
73874,73456,36678,12232,3060,597,90,12,1,0,0,0
73579,73401,37044,12234,3016,595,110,17,4,0,0,0
73452,73784,36635,12426,3017,580,96,10,0,0,0,0
73528,73687,36713,12236,3113,607,92,23,0,1,0,0
73366,73788,36786,12372,2999,585,82,20,2,0,0,0
73495,73655,36771,12170,3138,645,108,17,1,0,0,0
73582,73557,36766,12243,3142,589,108,11,2,0,0,0
73588,73659,36772,12261,2958,652,93,14,3,0,0,0
73691,73524,36802,12241,3025,600,107,10,0,0,0,0
73702,73583,36652,12158,3129,637,118,19,1,1,0,0
73413,73800,36962,11985,3105,611,100,19,5,0,0,0
73263,73670,36832,12408,3092,618,103,12,2,0,0,0
73387,73657,37015,12141,3112,575,100,11,2,0,0,0
73542,73558,36997,12172,2990,612,111,15,3,0,0,0
73291,73695,36887,12259,3133,613,104,17,1,0,0,0
73576,73674,36961,12029,3048,605,91,15,1,0,0,0
73662,73628,36602,12341,3012,638,105,10,2,0,0,0
73530,73580,37068,12148,2957,591,115,9,2,0,0,0
73778,73305,36988,12105,3074,619,107,24,0,0,0,0
73811,73393,36817,12164,3049,629,117,20,0,0,0,0
73721,73187,36940,12308,3112,611,105,13,3,0,0,0
73289,74050,36789,12112,3046,596,103,11,4,0,0,0
73358,73769,36666,12403,3060,623,106,14,1,0,0,0
73505,73534,36675,12484,3039,625,117,19,2,0,0,0
74018,73382,36549,12298,3030,582,129,10,1,1,0,0
73247,74017,36697,12328,2998,611,91,11,0,0,0,0
73576,73727,36644,12318,3010,614,93,15,3,0,0,0
73768,73404,36667,12258,3182,620,90,9,2,0,0,0
73831,73238,36951,12317,2949,599,98,15,2,0,0,0
73542,73571,36897,12219,3098,560,94,18,1,0,0,0
73819,72958,37186,12319,2992,604,102,17,3,0,0,0
73512,73715,36736,12222,3084,599,112,18,2,0,0,0
73443,73900,36618,12161,3160,613,87,18,0,0,0,0
73982,73379,36592,12281,3051,603,96,13,3,0,0,0
73881,73425,36811,12107,3059,605,102,8,2,0,0,0
73741,73427,36889,12144,3063,617,104,12,2,1,0,0
73373,73827,36725,12249,3101,611,102,12,0,0,0,0
73760,73592,36699,12206,3050,575,100,14,4,0,0,0
73568,73471,36894,12312,3047,603,89,13,2,0,1,0
73313,73849,36933,12213,2979,594,99,18,1,1,0,0
73736,73274,36912,12222,3111,609,107,25,4,0,0,0
73426,73478,36805,12392,3140,616,122,19,1,1,0,0
73252,73844,36976,12059,3124,625,102,16,2,0,0,0
73560,73384,36852,12370,3073,629,114,14,4,0,0,0
73528,73808,36413,12444,3070,595,122,19,1,0,0,0
73705,73594,36705,12193,3109,580,98,16,0,0,0,0
73149,73656,36916,12397,3141,631,94,14,1,1,0,0
73653,73487,36780,12271,3062,616,108,23,0,0,0,0
73730,73312,36908,12271,3037,627,97,14,2,2,0,0
73745,73645,36802,12003,3080,589,125,8,2,1,0,0
74309,73016,36630,12327,3000,597,103,13,5,0,0,0
73505,73671,36724,12298,3080,611,97,10,2,2,0,0
73437,73821,36828,12044,3147,625,87,10,1,0,0,0
73578,73735,36457,12446,3039,618,113,11,1,2,0,0
73408,73789,36754,12349,3003,594,93,8,2,0,0,0
73566,73605,36741,12278,3101,603,92,12,2,0,0,0
73621,73373,36833,12274,3180,601,107,9,1,1,0,0
73748,73411,36741,12304,3031,637,106,17,3,2,0,0
74053,73446,36441,12176,3166,602,97,15,3,1,0,0
73514,73542,36845,12257,3093,616,119,11,3,0,0,0
73811,73538,36781,12106,3028,616,104,13,3,0,0,0
73179,74106,36911,12017,3001,661,103,12,9,1,0,0
73626,73420,36975,12135,3087,621,112,21,3,0,0,0
73514,73497,36895,12262,3090,618,107,16,1,0,0,0
73591,73453,36795,12346,3075,606,112,18,4,0,0,0
73840,73270,36822,12300,3031,633,91,13,0,0,0,0
73733,73331,36729,12316,3112,642,115,21,1,0,0,0
73357,73517,36884,12345,3126,657,96,16,2,0,0,0
73494,73737,36745,12209,3088,596,111,17,3,0,0,0
73537,73526,36748,12355,3109,611,100,13,1,0,0,0
73825,73290,36664,12399,3123,583,100,15,1,0,0,0
73670,73437,36719,12306,3122,620,107,17,1,1,0,0
73539,73401,36883,12432,3010,631,90,13,1,0,0,0
73738,73286,36721,12475,3032,631,100,16,0,1,0,0
73726,73253,36858,12363,3072,609,103,15,1,0,0,0
73974,73464,36582,12140,3107,626,88,17,2,0,0,0
73430,73794,36762,12289,2987,630,92,13,3,0,0,0
73494,73594,36811,12267,3062,658,93,17,4,0,0,0
74176,72925,36853,12227,3083,618,100,16,2,0,0,0
73714,73575,36692,12192,3062,625,121,18,1,0,0,0
73473,73628,36863,12154,3134,618,114,14,2,0,0,0
73508,73315,37067,12259,3124,611,97,16,2,1,0,0
73163,73842,36913,12272,3072,616,106,14,1,1,0,0
74017,73156,36613,12244,3229,611,111,17,2,0,0,0
73269,73692,37010,12200,3049,630,122,25,3,0,0,0
73237,73515,37011,12335,3169,608,106,18,1,0,0,0
73454,73622,36852,12313,3016,607,106,26,4,0,0,0
73974,73671,36266,12303,3066,589,119,9,3,0,0,0
73749,73498,36610,12299,3083,640,103,14,2,1,1,0
73553,73606,36740,12225,3176,587,95,16,2,0,0,0
73359,73787,36673,12343,3075,646,101,14,2,0,0,0
73648,73598,36676,12289,3046,626,103,13,1,0,0,0
73562,73689,36514,12455,3030,631,107,11,1,0,0,0
73895,73427,36798,12061,3107,607,83,19,3,0,0,0
73318,73804,36669,12350,3110,619,119,10,1,0,0,0
73608,73287,37085,12239,3033,620,116,10,2,0,0,0
73319,73859,36840,12136,3110,624,101,9,2,0,0,0
73620,73730,36634,12239,3033,617,111,15,1,0,0,0
73812,73598,36633,12219,3056,570,101,8,3,0,0,0
73428,73732,36825,12240,3020,623,123,8,1,0,0,0
73397,74030,36645,12185,3007,629,91,13,2,1,0,0
73766,73307,36974,12207,3037,595,97,15,2,0,0,0
73648,73341,36834,12371,3088,602,105,9,2,0,0,0
73628,73454,36929,12233,3045,603,92,15,1,0,0,0
73694,73643,36876,12041,3029,599,101,15,2,0,0,0
73906,73522,36562,12239,2985,648,117,19,2,0,0,0
73675,73724,36569,12272,3040,605,102,12,1,0,0,0
73702,73374,36879,12191,3099,629,105,18,2,1,0,0
73579,73841,36578,12226,3080,570,109,14,3,0,0,0
73712,73489,36738,12297,3046,567,128,20,3,0,0,0
73439,73662,36844,12311,3044,598,90,12,0,0,0,0
73564,73695,36504,12362,3170,585,100,15,3,2,0,0
73410,74094,36641,12151,2993,598,95,18,0,0,0,0
73487,73355,37082,12325,3040,593,98,18,2,0,0,0
73627,73423,36740,12404,3087,601,107,10,1,0,0,0
73522,73372,36823,12482,3055,616,112,14,3,1,0,0
73599,73608,36808,12123,3138,620,86,16,2,0,0,0
73223,73622,37048,12298,3087,594,110,13,4,1,0,0
73580,73659,36702,12298,3070,576,90,24,1,0,0,0
73697,73180,37035,12284,3066,628,90,17,3,0,0,0
73665,73424,36622,12419,3103,637,117,12,1,0,0,0
73866,73565,36713,12065,2998,673,106,12,2,0,0,0
73815,73308,36764,12377,3045,584,92,13,2,0,0,0
73736,73098,36879,12303,3231,617,113,21,2,0,0,0
73601,73579,36626,12361,3093,630,86,22,1,1,0,0
73511,73701,36829,12160,3061,617,108,12,1,0,0,0
73835,73632,36525,12221,3025,635,110,14,2,1,0,0
74011,73286,36750,12142,3031,656,107,16,1,0,0,0
73774,73394,36720,12279,3133,598,88,13,1,0,0,0
73980,73250,36663,12320,3046,622,104,13,2,0,0,0
73884,73211,36759,12346,3027,654,103,16,0,0,0,0
73650,73347,36837,12368,3083,579,120,15,1,0,0,0
73427,73605,36735,12390,3105,609,118,11,0,0,0,0
73786,73643,36429,12389,3043,611,92,6,1,0,0,0
73337,73646,37069,12219,3001,610,99,17,2,0,0,0
73799,73504,36467,12435,3033,633,116,11,2,0,0,0
73716,73333,36849,12280,3087,624,94,14,3,0,0,0
73618,73026,37118,12486,3059,583,95,13,2,0,0,0
73770,73241,36959,12249,3084,587,94,15,1,0,0,0
74104,72976,36787,12387,3089,560,88,8,1,0,0,0
73576,73702,36733,12256,2969,626,119,18,1,0,0,0
73477,73533,36809,12306,3125,617,107,25,1,0,0,0
73607,73394,36870,12297,3093,629,94,12,4,0,0,0
73488,73607,36552,12479,3091,661,99,20,3,0,0,0
73588,73665,36604,12314,3097,606,112,12,2,0,0,0
73411,73709,36840,12187,3097,623,118,14,1,0,0,0
73346,74024,36519,12334,3049,605,104,18,1,0,0,0
73553,73797,36733,12150,3082,589,82,14,0,0,0,0
73622,73766,36541,12325,3033,599,98,10,6,0,0,0
73730,73562,36525,12318,3136,592,117,17,3,0,0,0
73673,73762,36737,11994,3113,601,103,17,0,0,0,0
73501,73460,36831,12446,3065,575,102,18,2,0,0,0
73619,73319,37025,12203,3173,556,96,7,2,0,0,0
73262,73952,36961,12090,2998,621,100,14,2,0,0,0
73463,73404,36937,12419,3036,638,89,12,2,0,0,0
73712,73568,36752,12232,3031,581,110,11,3,0,0,0
73471,73378,36798,12522,3081,630,99,19,1,1,0,0
73771,73372,36843,12264,3012,632,90,14,1,1,0,0
73399,73430,37036,12342,3083,589,103,14,4,0,0,0
73421,73679,36669,12352,3144,612,102,19,2,0,0,0
73627,73749,36390,12424,3079,603,101,24,3,0,0,0
73706,73579,36803,12169,3018,607,103,13,2,0,0,0
73556,73507,37054,12150,2994,622,97,19,1,0,0,0
73256,73533,36853,12497,3089,648,105,16,3,0,0,0
73503,73893,36426,12343,3141,582,96,13,2,1,0,0
73474,73282,36956,12391,3128,660,95,13,0,1,0,0
73766,73302,36683,12392,3140,605,97,14,1,0,0,0
73550,73504,36832,12233,3123,633,99,23,2,1,0,0
73440,73704,36699,12317,3113,622,92,12,1,0,0,0
73399,74118,36597,12108,3046,608,104,15,5,0,0,0
73232,73785,36841,12384,3045,611,93,9,0,0,0,0
73486,73511,36781,12393,3096,633,79,20,1,0,0,0
73748,73504,36837,12163,3070,573,91,13,1,0,0,0
73984,73463,36646,12191,2956,621,114,18,6,1,0,0
73575,73965,36553,12145,3014,626,103,16,3,0,0,0
73508,73956,36361,12277,3178,605,101,11,2,1,0,0
73551,73805,36513,12317,3071,614,116,9,3,1,0,0
73176,73805,36843,12306,3138,610,101,20,1,0,0,0
73434,73737,36888,12131,3062,632,97,18,1,0,0,0
73670,73303,36937,12230,3080,653,112,12,3,0,0,0
73754,73413,36829,12237,3037,615,102,13,0,0,0,0
73934,73302,36523,12332,3165,628,100,12,4,0,0,0
73625,73422,36988,12242,3031,576,99,15,1,1,0,0
73492,73937,36433,12266,3131,632,92,15,2,0,0,0
73559,73701,36654,12272,3058,644,99,10,3,0,0,0
73738,73512,36736,12184,3123,599,92,14,2,0,0,0
73268,73531,37010,12369,3076,617,112,13,3,1,0,0
73579,73725,36644,12168,3092,645,131,16,0,0,0,0
73349,73771,36878,12165,3087,640,97,10,3,0,0,0
73321,73913,36736,12256,3076,578,103,14,3,0,0,0
73350,73745,36844,12266,3042,634,104,11,4,0,0,0
73651,73671,36482,12406,3071,609,100,9,1,0,0,0
73350,73575,36971,12378,2998,606,98,22,2,0,0,0
73777,73201,36758,12373,3143,620,110,15,1,2,0,0
73476,73721,36834,12048,3128,660,108,21,3,1,0,0
73561,73424,37020,12131,3138,612,100,11,3,0,0,0
73706,73300,36835,12191,3204,621,119,23,1,0,0,0
73930,73608,36580,12207,2981,579,100,10,5,0,0,0
73569,73698,36787,12263,2948,618,101,14,1,1,0,0
73440,74005,36667,12077,3086,608,98,18,0,1,0,0
73997,72815,37240,12242,2965,615,110,15,1,0,0,0
73538,73363,36857,12352,3105,661,107,15,2,0,0,0
74011,73347,36593,12323,3057,566,90,11,1,1,0,0
73327,73672,36836,12417,2998,631,99,19,1,0,0,0
73407,73985,36598,12277,3053,553,106,19,2,0,0,0
73614,73594,36745,12161,3126,639,107,13,1,0,0,0
73529,73659,36778,12246,3039,616,112,18,3,0,0,0
73420,73617,36735,12363,3100,621,120,19,5,0,0,0
73441,73456,36916,12372,3023,671,108,12,1,0,0,0
73731,73442,36918,12156,3033,593,116,11,0,0,0,0
73523,73783,36655,12202,3113,589,114,17,4,0,0,0
73524,73495,36860,12406,2946,640,113,14,1,0,0,1
73470,73714,36727,12350,3023,570,128,16,2,0,0,0
73426,74081,36472,12173,3108,627,101,8,3,1,0,0
73200,73793,37067,12256,2910,655,106,13,0,0,0,0
73353,73801,36954,12111,3020,645,101,13,2,0,0,0
74162,72846,36905,12367,2980,612,115,13,0,0,0,0
73707,73118,36984,12378,3108,610,85,6,3,1,0,0
73663,73476,36725,12382,3004,620,108,18,4,0,0,0
73721,73538,36843,12069,3105,604,106,12,2,0,0,0
73341,73613,37053,12222,3077,569,103,19,1,2,0,0
73686,73576,36659,12245,3036,676,107,10,4,1,0,0
73610,73705,36685,12213,3073,606,94,13,1,0,0,0
73552,73508,36818,12330,3064,613,102,10,2,1,0,0
73896,73444,36630,12204,3072,645,93,15,1,0,0,0
73811,73480,36691,12319,2991,599,95,11,3,0,0,0
73561,73416,36840,12355,3136,573,103,13,3,0,0,0
73612,73560,36639,12252,3149,654,117,14,3,0,0,0
73434,73631,36769,12333,3066,648,102,16,1,0,0,0
73792,73212,36859,12357,3058,606,97,16,3,0,0,0
73416,73401,37012,12381,3076,597,99,16,2,0,0,0
73981,72796,37002,12374,3090,633,116,6,2,0,0,0
73925,73014,36872,12385,3036,643,101,21,3,0,0,0
73285,73997,36496,12364,3118,612,114,11,3,0,0,0
73398,73349,37002,12360,3117,638,118,16,1,1,0,0
74141,72909,36597,12552,3012,657,112,17,2,1,0,0
73618,73193,37049,12410,3028,579,114,8,1,0,0,0
73860,73720,36436,12258,3049,560,102,12,3,0,0,0
73460,73528,36952,12240,3043,650,108,14,5,0,0,0
73570,73311,36988,12322,3033,636,118,22,0,0,0,0
73626,73164,37232,12199,3039,619,103,17,1,0,0,0
73381,73587,36936,12395,2999,593,97,10,2,0,0,0
73830,73110,36963,12284,3059,618,119,15,2,0,0,0
73060,73775,36902,12355,3142,633,113,19,0,1,0,0
73447,73644,36765,12264,3098,662,110,9,1,0,0,0
73683,73488,36826,12196,3077,610,106,10,4,0,0,0
73606,73581,36740,12343,3046,571,95,15,3,0,0,0
73333,73978,36663,12185,3100,623,101,14,3,0,0,0
73409,73674,36889,12328,2967,607,102,22,2,0,0,0
73830,73580,36466,12297,3095,615,102,15,0,0,0,0
73154,74033,36782,12230,3106,580,93,20,2,0,0,0
73618,73561,36736,12307,3057,602,99,17,3,0,0,0
73762,73453,36560,12478,3018,604,104,20,1,0,0,0
73217,73689,36856,12419,3019,668,111,16,4,1,0,0
73706,73454,36790,12314,3009,606,101,17,3,0,0,0
73627,73336,36943,12242,3123,616,101,11,1,0,0,0
73802,73459,36627,12245,3108,625,117,17,0,0,0,0
73602,73789,36613,12192,3111,576,104,12,1,0,0,0
73567,73422,36812,12362,3046,673,94,24,0,0,0,0
73575,73526,36829,12190,3116,649,101,12,2,0,0,0
73524,73706,36653,12261,3146,597,98,12,3,0,0,0
73691,73475,36821,12210,3050,623,112,14,3,1,0,0
74079,73277,36596,12369,2979,607,83,9,1,0,0,0
73394,73645,36888,12255,3101,591,114,10,2,0,0,0
73717,73230,36927,12232,3109,651,118,14,2,0,0,0
73462,73916,36652,12112,3105,635,101,16,1,0,0,0
73596,73457,37019,12072,3100,634,99,18,4,0,1,0
73726,73645,36411,12418,3065,615,103,16,1,0,0,0
73318,73797,36698,12322,3083,642,121,14,5,0,0,0
73633,73671,36588,12248,3137,605,103,14,1,0,0,0
73719,73472,36756,12216,3087,636,101,12,1,0,0,0
73335,73806,36805,12278,3053,613,91,18,1,0,0,0
73846,73234,36869,12356,2978,606,96,13,2,0,0,0
73378,73813,36854,12188,3051,617,84,12,3,0,0,0
73526,73735,36506,12455,3048,614,103,11,2,0,0,0
73642,73663,36694,12254,3006,631,94,13,2,1,0,0
73039,73753,37152,12308,3004,607,119,15,3,0,0,0
73957,73219,36840,12186,3050,625,105,17,0,0,1,0
74064,73145,36648,12241,3144,628,106,19,4,1,0,0
73622,73553,36699,12333,3080,590,108,14,1,0,0,0
73876,73597,36529,12205,3043,635,100,13,1,1,0,0
73651,73489,36885,12190,3050,612,102,20,1,0,0,0
73662,73471,36777,12328,3050,595,101,13,3,0,0,0
73550,73566,36811,12312,2983,644,112,19,2,1,0,0
73376,73675,36718,12363,3109,635,106,15,3,0,0,0
73587,73552,36763,12313,3057,619,97,9,3,0,0,0
73637,73712,36644,12251,3051,588,99,18,0,0,0,0
73789,73409,36684,12256,3082,669,93,16,2,0,0,0
73534,73573,36702,12343,3140,613,81,12,2,0,0,0
73363,73286,36711,12697,3208,618,101,14,2,0,0,0
73604,73676,36707,12226,3117,562,93,15,0,0,0,0
73295,73686,36976,12129,3145,646,110,12,1,0,0,0
73586,73547,36789,12243,3092,636,95,10,2,0,0,0
73656,73919,36452,12142,3097,598,120,13,3,0,0,0
73423,73920,36713,12214,2994,618,100,14,4,0,0,0
73803,73571,36617,12298,3014,600,83,13,1,0,0,0
73763,73415,36790,12236,3058,618,107,12,1,0,0,0
73718,73722,36450,12316,3060,610,108,14,2,0,0,0
73371,73766,36728,12332,3074,604,105,18,2,0,0,0
73578,73364,36829,12342,3146,611,107,22,1,0,0,0
73500,73506,37011,12167,3053,616,125,21,1,0,0,0
73767,73609,36492,12362,3059,595,99,15,2,0,0,0
73602,73350,36834,12418,3069,598,106,21,1,1,0,0
73780,73564,36708,12152,3102,582,97,11,4,0,0,0
73824,73438,36637,12263,3078,625,116,17,2,0,0,0
73945,73256,36695,12302,3082,612,91,15,1,1,0,0
73710,73641,36656,12244,3054,562,121,12,0,0,0,0
73479,73230,37084,12400,3057,626,111,12,1,0,0,0
73405,73864,36841,12138,3016,635,88,11,2,0,0,0
73673,73414,36989,12282,2956,568,100,15,3,0,0,0
73304,73655,37052,12206,3097,568,93,24,1,0,0,0
73669,73238,36896,12414,3081,599,96,6,0,1,0,0
73826,73366,36930,12143,3013,611,94,13,3,1,0,0
73367,73733,36974,12124,3088,596,105,12,1,0,0,0
73083,73548,37265,12276,3062,633,112,19,2,0,0,0
73601,73672,36608,12376,2992,629,96,22,4,0,0,0
73417,74177,36339,12225,3098,640,86,13,5,0,0,0
73557,73379,37025,12272,3031,611,114,9,2,0,0,0
73616,73865,36594,12167,3053,602,84,17,2,0,0,0
73352,73331,37040,12365,3184,624,89,14,1,0,0,0
73706,73507,36660,12386,3085,556,85,13,2,0,0,0
73932,73593,36304,12414,3006,616,116,18,1,0,0,0
73601,73617,36588,12381,3097,593,109,10,4,0,0,0
73301,73536,37067,12264,3097,601,117,15,2,0,0,0
73680,73640,36819,12184,2977,588,94,17,1,0,0,0
73466,73826,36740,12234,3050,576,96,10,2,0,0,0
73275,73569,36916,12349,3113,661,102,12,2,1,0,0
73480,73779,36675,12343,2991,617,101,13,1,0,0,0
73704,73226,37193,12030,3106,634,94,10,3,0,0,0
73514,73798,36628,12214,3073,652,99,16,6,0,0,0
73992,73358,36517,12257,3136,619,106,13,2,0,0,0
73331,73874,36860,12167,3026,606,113,17,6,0,0,0
73581,73576,36499,12489,3077,640,120,16,2,0,0,0
73448,73400,37092,12248,3087,608,93,22,2,0,0,0
73739,73583,36785,12164,3028,587,99,14,1,0,0,0
73235,73809,36787,12310,3117,599,125,15,3,0,0,0
73376,73589,36930,12330,3042,616,104,10,3,0,0,0
73544,73516,36928,12282,3015,591,107,15,2,0,0,0
73694,73613,36720,12269,2983,623,83,12,2,1,0,0
73519,73682,37028,12083,2974,601,99,10,4,0,0,0
73469,73710,36598,12410,3078,610,108,16,1,0,0,0
73358,74019,36504,12246,3108,648,103,14,0,0,0,0
73478,73852,36758,12072,3088,648,89,14,1,0,0,0
73895,73427,36559,12279,3134,605,83,15,3,0,0,0
73571,73665,36755,12250,3033,602,101,23,0,0,0,0
73170,73803,37074,12119,3073,626,120,14,1,0,0,0
73625,73677,36530,12440,2997,626,90,13,2,0,0,0
73401,73728,36896,12232,3013,621,96,12,1,0,0,0
73858,73507,36618,12182,3102,616,103,14,0,0,0,0
73445,73747,36610,12419,3045,625,96,13,0,0,0,0
73582,73339,37010,12179,3092,672,111,15,0,0,0,0
73619,73818,36595,12238,3042,573,102,12,1,0,0,0
73903,73245,36801,12318,3013,601,102,14,3,0,0,0
74067,73315,36788,12105,2988,621,103,11,2,0,0,0
73617,73345,36820,12398,3082,628,95,14,1,0,0,0
73518,73539,36759,12269,3147,660,95,13,0,0,0,0
73576,73646,36766,12225,3065,605,92,20,4,1,0,0
73269,73877,37006,12051,3107,578,95,15,2,0,0,0
73382,73526,36865,12293,3182,628,110,14,0,0,0,0
73867,73347,36802,12214,3055,581,116,18,0,0,0,0
73996,73154,36613,12458,3039,632,93,13,1,1,0,0
73741,73408,36701,12310,3084,632,110,13,1,0,0,0
73536,73617,36827,12289,3055,584,78,10,4,0,0,0
73522,73620,36793,12295,3076,580,96,14,4,0,0,0
73788,73250,37005,12077,3095,670,98,14,3,0,0,0
73426,73602,36678,12442,3126,604,104,16,2,0,0,0
73524,73367,36806,12443,3124,631,88,14,2,1,0,0
73871,73512,36705,12178,3041,578,105,7,3,0,0,0
73516,73629,36865,12145,3102,626,102,14,1,0,0,0
73056,73871,36931,12335,3029,660,93,23,2,0,0,0
73652,73598,36843,12085,3077,632,84,27,2,0,0,0
73466,73399,37034,12328,3099,564,101,9,0,0,0,0
73746,73616,36645,12233,3063,574,108,13,2,0,0,0
73462,73618,36947,12125,3094,619,120,12,2,0,1,0
73701,73453,36964,12115,3069,598,85,14,1,0,0,0
73575,73387,36728,12383,3193,623,96,13,2,0,0,0
73563,73372,36952,12331,3059,608,102,12,1,0,0,0
73260,73931,36800,12268,2993,606,128,13,1,0,0,0
73629,73247,37077,12176,3118,629,104,16,3,1,0,0
72971,73992,36861,12432,3052,578,101,10,3,0,0,0
73764,73462,36781,12151,3063,671,93,15,0,0,0,0
73359,73841,36634,12311,3154,584,97,18,2,0,0,0
73278,73467,36967,12540,3018,617,99,12,2,0,0,0
73406,73483,37154,12103,3131,617,90,11,5,0,0,0
73574,73479,36861,12234,3155,572,98,25,2,0,0,0
73267,73494,37056,12299,3116,631,113,21,3,0,0,0
73540,73335,36933,12391,3038,640,104,17,2,0,0,0
73287,73797,36710,12367,3133,598,95,11,2,0,0,0
73764,73458,36800,12294,2948,615,101,18,2,0,0,0
73374,73889,36596,12414,2987,612,114,13,1,0,0,0
73761,73612,36552,12211,3115,640,84,23,2,0,0,0
73670,73182,36842,12473,3140,570,103,19,1,0,0,0
73482,73651,36824,12206,3061,647,107,18,4,0,0,0
73390,73689,36827,12301,3068,613,93,16,3,0,0,0
73317,73681,37095,12080,3080,623,107,15,2,0,0,0
73468,73657,36581,12518,3022,634,111,7,2,0,0,0
73674,73625,36600,12299,3072,600,110,17,3,0,0,0
73942,73265,36721,12162,3141,635,112,20,2,0,0,0
73513,73548,36696,12385,3183,570,88,15,2,0,0,0
73593,73186,37004,12353,3106,631,114,10,2,1,0,0
73893,72945,36782,12504,3154,593,111,16,1,1,0,0
73422,73749,36724,12309,3106,560,109,16,4,1,0,0
73426,73876,36728,12244,2950,662,99,14,1,0,0,0
73548,73632,36875,12099,3163,556,106,15,5,1,0,0
73817,73281,36873,12131,3154,616,111,17,0,0,0,0
73785,73537,36696,12145,3136,595,92,13,1,0,0,0
73664,73639,36702,12131,3123,615,113,11,1,1,0,0
73977,73570,36404,12416,2890,617,105,20,0,1,0,0
73757,73411,36793,12158,3102,664,99,12,4,0,0,0
73563,73743,36672,12178,3107,613,103,18,3,0,0,0
73485,73705,36937,12056,3125,575,100,11,4,2,0,0
73882,73315,36863,12160,3078,591,99,10,2,0,0,0
73614,73726,36925,12111,2947,567,95,13,1,1,0,0
73678,73592,36648,12252,3070,631,112,15,2,0,0,0
73466,73573,36935,12265,3065,565,114,13,4,0,0,0
73733,73426,36798,12273,3075,591,85,18,0,1,0,0
73797,73443,36717,12233,3076,618,104,11,1,0,0,0
73419,73560,36811,12276,3156,647,109,18,4,0,0,0
73837,73446,36930,12127,2971,558,109,17,5,0,0,0
73660,73377,36835,12297,3114,611,93,11,2,0,0,0
73559,73752,36803,12154,2973,653,85,18,3,0,0,0
73532,73389,37044,12242,3079,595,98,21,0,0,0,0
73543,73647,36763,12175,3118,634,103,17,0,0,0,0
73562,73507,36888,12239,3106,585,98,12,3,0,0,0
73566,73608,36905,12039,3169,590,96,24,3,0,0,0
73447,73483,36894,12308,3100,634,123,10,1,0,0,0
73533,73797,36557,12269,3078,632,121,13,0,0,0,0
73685,73383,36877,12306,3012,616,102,17,2,0,0,0
73491,73723,36604,12428,2985,647,105,16,1,0,0,0
73292,73777,36702,12384,3105,606,118,14,2,0,0,0
73670,73567,36690,12279,3070,604,101,17,2,0,0,0
73858,73763,36665,12008,2951,629,112,11,3,0,0,0
73770,73516,36632,12304,3097,576,91,13,1,0,0,0
73571,73431,36779,12367,3076,646,119,9,2,0,0,0
73625,73828,36521,12323,2971,605,106,20,1,0,0,0
74047,73319,36795,12191,2956,558,109,24,1,0,0,0
73065,73995,36769,12355,3118,580,103,11,4,0,0,0
73680,73593,36636,12205,3119,622,123,21,1,0,0,0
73769,73854,36349,12228,3034,640,109,16,1,0,0,0
73820,73359,36778,12276,3031,592,114,26,4,0,0,0
73883,73225,36880,12247,2967,685,93,19,1,0,0,0
73599,73366,36671,12463,3134,652,99,13,3,0,0,0
73450,73590,36793,12374,3116,561,100,14,2,0,0,0
73761,73584,36616,12229,3104,607,81,17,1,0,0,0
73386,73609,36990,12252,3045,594,109,15,0,0,0,0
73439,73651,36727,12435,3014,596,115,20,3,0,0,0
73573,73425,37026,12284,2985,594,98,12,2,1,0,0
73746,73405,36723,12364,3050,599,101,9,2,1,0,0
73642,73802,36768,12044,3031,601,102,8,2,0,0,0
73244,73887,36715,12200,3180,643,108,19,3,1,0,0
73545,73739,36816,12110,3043,638,95,13,1,0,0,0
73341,73558,36945,12338,3106,612,85,12,2,1,0,0
73399,73782,36806,12285,2989,611,114,12,2,0,0,0
73447,73590,37026,12182,3035,591,112,16,1,0,0,0
73661,73656,36729,12226,3038,573,100,16,1,0,0,0
73625,73654,36706,12245,2993,642,118,14,3,0,0,0
73456,73948,36714,12134,3023,629,81,13,2,0,0,0
73737,73567,36660,12231,3041,641,98,23,2,0,0,0
73313,73798,36846,12251,3056,603,116,15,1,1,0,0
73700,73419,36859,12269,3067,585,88,12,1,0,0,0
73673,73445,36693,12415,3039,595,126,13,1,0,0,0
73519,73348,37026,12283,3100,612,99,9,3,1,0,0
73483,73578,36708,12444,3047,632,91,15,2,0,0,0
73778,73530,36725,12143,3120,591,101,11,1,0,0,0
73743,73304,36715,12370,3106,632,113,14,3,0,0,0
73488,73661,37009,12129,3013,590,93,16,1,0,0,0
73947,73032,36782,12412,3093,617,96,19,2,0,0,0
73353,73773,36781,12282,3106,575,117,11,2,0,0,0
73764,73703,36852,12035,2934,598,95,18,1,0,0,0
73650,73520,36858,12154,3075,634,94,14,1,0,0,0
73556,73548,36706,12297,3176,612,88,14,3,0,0,0
73796,73155,36882,12426,3003,613,109,16,0,0,0,0
73768,73477,36567,12290,3148,630,103,15,2,0,0,0
73437,73558,36849,12393,3041,614,85,19,4,0,0,0
73723,73487,36623,12300,3140,623,86,16,2,0,0,0
73352,73920,36634,12341,3032,598,109,10,4,0,0,0
73433,74087,36556,12104,3126,567,108,17,2,0,0,0
73682,73528,36782,12233,3028,630,102,13,2,0,0,0
73835,73348,37086,11964,3005,640,112,9,1,0,0,0
73650,73659,36701,12180,3079,617,90,20,4,0,0,0
73382,73496,36962,12389,3042,611,96,21,1,0,0,0
73380,73467,37152,12209,3057,606,113,14,2,0,0,0
73745,73278,37013,12239,3036,581,98,9,1,0,0,0
73847,73624,36400,12313,3134,575,90,14,2,1,0,0
73683,73635,36730,12229,3014,598,98,11,2,0,0,0
73671,73536,36688,12355,2967,652,106,21,4,0,0,0
73481,73632,36990,12063,3126,576,108,20,4,0,0,0
73559,73614,36670,12372,3071,590,112,11,0,1,0,0
73193,73861,36774,12321,3099,622,117,12,0,1,0,0
73728,73516,36725,12240,3058,603,113,15,2,0,0,0
73403,73498,36827,12513,3028,613,105,12,1,0,0,0
73819,73189,36749,12459,3071,592,104,14,2,0,1,0
73242,73762,36801,12279,3140,651,107,15,2,1,0,0
73738,73516,36587,12309,3068,662,106,10,3,1,0,0
73313,73642,36895,12360,3052,623,101,12,2,0,0,0
73407,73922,36950,12059,2966,573,105,16,2,0,0,0
73683,73253,37028,12207,3075,632,102,16,4,0,0,0
73571,73437,36990,12216,3018,641,107,19,1,0,0,0
73386,73860,36764,12224,3024,633,91,13,3,2,0,0
73764,73519,36805,12248,2943,597,116,7,1,0,0,0
73413,73743,36701,12401,2990,619,104,25,3,1,0,0
73889,73549,36542,12224,3064,621,95,15,1,0,0,0
73739,73435,36708,12239,3173,597,97,11,1,0,0,0
73861,73596,36741,11997,3057,621,115,11,1,0,0,0
73575,73739,36750,12096,3105,623,97,13,1,0,1,0
73592,73116,36904,12629,3070,583,88,17,1,0,0,0
73420,73644,37027,12137,3061,598,101,11,1,0,0,0
73575,73224,37003,12333,3111,634,108,12,0,0,0,0
73680,73577,36625,12197,3147,653,103,15,3,0,0,0
73359,73462,36921,12392,3148,603,102,10,2,0,1,0
73479,73841,36601,12262,3089,594,114,18,2,0,0,0
73555,73777,36741,12121,3088,600,101,16,1,0,0,0
73700,73577,36761,12251,2972,617,99,22,1,0,0,0
73492,73512,36871,12348,3047,611,107,8,3,1,0,0
73718,73657,36719,12180,2993,608,107,16,1,1,0,0
73643,73394,36840,12288,3095,611,105,21,3,0,0,0
73411,73573,36831,12334,3098,646,85,20,2,0,0,0
73940,73662,36673,12055,2984,563,107,16,0,0,0,0
73649,73496,36885,12130,3102,616,106,13,2,1,0,0
73677,73736,36584,12121,3124,638,97,20,3,0,0,0
73667,73331,36906,12232,3106,636,104,15,2,1,0,0
74021,73323,36551,12299,3092,603,92,17,2,0,0,0
73330,73393,37013,12378,3088,685,98,14,1,0,0,0
73804,73356,36999,12075,3029,616,101,18,2,0,0,0
73493,73429,36964,12286,3132,608,75,10,2,0,0,1
73867,73260,36631,12224,3250,624,124,19,1,0,0,0
73825,73259,36867,12317,3020,599,99,13,1,0,0,0
73323,73721,36858,12276,3101,607,100,14,0,0,0,0
73957,73124,36821,12362,3035,581,106,14,0,0,0,0
73678,73510,36673,12393,3025,614,100,6,1,0,0,0
73703,73779,36437,12251,3115,612,97,6,0,0,0,0
73330,73979,36888,12052,3053,566,109,17,6,0,0,0
73664,73251,36935,12366,3040,626,99,17,2,0,0,0
73207,73745,36813,12396,3102,623,96,17,0,1,0,0
73786,73536,36736,12257,2954,627,91,13,0,0,0,0
73873,73066,36834,12393,3108,608,106,9,3,0,0,0
73882,73402,36627,12217,3177,579,105,10,1,0,0,0
73512,73702,36634,12370,3037,627,104,12,2,0,0,0
73549,73955,36458,12261,3041,614,102,16,4,0,0,0
73706,73396,36958,12100,3119,605,102,12,1,1,0,0
73628,73834,36591,12129,3109,581,110,17,1,0,0,0
73894,73089,36851,12323,3058,646,129,9,0,1,0,0
73293,73636,37110,12149,3045,656,99,11,1,0,0,0
73367,73588,36919,12362,3035,607,105,16,1,0,0,0
73805,73442,36728,12268,3013,603,126,15,0,0,0,0
73399,73761,36765,12186,3182,577,111,16,3,0,0,0
73545,73681,36965,12023,3105,570,94,16,1,0,0,0
73208,73861,36805,12233,3130,650,103,9,1,0,0,0
73489,73519,37103,12183,2982,610,100,14,0,0,0,0
73339,73515,36993,12395,3034,594,109,17,3,1,0,0
73506,73469,36751,12262,3256,610,124,19,3,0,0,0
73742,73579,36811,12118,3040,590,105,13,2,0,0,0
73184,73472,37111,12385,3104,624,99,19,2,0,0,0
73491,73325,37232,12210,3022,613,97,8,2,0,0,0
73530,73879,36328,12443,3113,581,108,16,2,0,0,0
73786,73185,36880,12355,3034,625,117,16,2,0,0,0
73666,73566,36821,12211,3040,583,100,11,2,0,0,0
73646,73659,36577,12232,3131,642,99,14,0,0,0,0
73541,73603,36862,12247,3019,602,114,10,2,0,0,0
73506,73340,37132,12183,3069,649,103,16,2,0,0,0
73416,73701,36781,12275,3057,648,109,13,0,0,0,0
73484,73786,36718,12296,3026,558,119,13,0,0,0,0
73594,73650,36713,12274,3015,620,113,19,2,0,0,0
73232,74089,36550,12359,3045,618,93,13,1,0,0,0
73227,73729,36728,12537,3031,633,99,16,0,0,0,0
73619,73726,36728,12235,2939,623,112,15,3,0,0,0
73335,73563,36964,12285,3102,636,98,15,2,0,0,0
73184,73884,36893,12269,3028,624,100,17,0,1,0,0
73766,73670,36561,12327,2960,589,109,16,2,0,0,0
73412,73660,36774,12429,2998,616,94,15,2,0,0,0
73800,73253,36755,12336,3123,636,85,11,1,0,0,0
73452,73934,36682,12101,3069,646,98,13,5,0,0,0
73724,73345,36838,12313,3090,586,90,11,3,0,0,0
73725,73456,36845,12263,2994,594,104,15,4,0,0,0
73922,73585,36585,12161,3035,618,77,15,1,1,0,0
73521,73402,36991,12200,3114,656,105,9,2,0,0,0
73477,73750,36736,12236,3055,612,118,15,1,0,0,0
73551,73587,36736,12357,3056,585,109,15,3,1,0,0
73849,73061,36882,12418,3062,606,105,14,3,0,0,0
73555,73606,36720,12258,3117,624,97,16,6,1,0,0
73970,73141,36891,12205,3047,614,113,17,2,0,0,0
73610,73904,36631,12177,3005,577,84,11,1,0,0,0
73556,73650,36894,12174,3020,583,100,19,3,1,0,0
73430,73780,36698,12205,3153,611,102,19,2,0,0,0
73956,73288,36582,12384,3030,631,109,17,3,0,0,0
73844,73485,36580,12327,3013,624,111,15,1,0,0,0
73686,73706,36663,12192,3000,644,98,9,1,1,0,0
73204,73734,36771,12452,3070,654,91,22,2,0,0,0
73463,73940,36560,12209,3067,630,109,20,0,2,0,0
73796,73463,36826,12237,2985,576,107,10,0,0,0,0
73678,73206,36974,12374,3046,623,88,9,1,1,0,0
73761,73298,36914,12377,2972,583,83,11,1,0,0,0
73206,73967,36765,12317,2999,633,98,14,1,0,0,0
73697,73506,36667,12306,3095,607,104,16,0,1,1,0
73287,73635,37036,12290,3067,565,109,10,1,0,0,0
73901,73370,36684,12223,3063,627,113,17,2,0,0,0
73790,73365,36831,12227,3075,587,105,18,2,0,0,0
73550,73639,36707,12289,3095,613,97,10,0,0,0,0
73405,73630,36873,12333,3032,589,122,14,2,0,0,0
73703,73374,36891,12263,3015,626,106,17,5,0,0,0
73589,73515,36984,12182,3040,579,98,10,3,0,0,0
73232,73871,36715,12402,3070,624,71,13,2,0,0,0
73350,73887,36904,12169,2959,621,99,11,0,0,0,0
73690,73842,36804,11912,2979,650,106,17,0,0,0,0
73613,73398,36826,12389,3022,647,89,10,6,0,0,0
73658,73451,36869,12257,3011,630,103,18,3,0,0,0
73659,73559,36993,11978,3068,628,101,13,1,0,0,0
73282,73552,36848,12511,3030,637,116,20,4,0,0,0
73821,73401,36649,12326,3040,648,102,11,2,0,0,0
73194,73648,37012,12304,3107,625,91,17,1,1,0,0
73380,73603,36947,12300,3078,574,100,14,2,2,0,0
73583,73406,36910,12244,3113,616,105,21,2,0,0,0
73416,73843,36762,12287,2954,615,99,21,3,0,0,0
73686,73380,36749,12321,3118,634,95,16,1,0,0,0
73385,73387,37157,12204,3110,630,111,14,1,1,0,0
73442,73552,36689,12351,3159,655,134,10,7,1,0,0
73457,73559,36835,12463,2990,578,101,16,1,0,0,0
73899,73292,36690,12307,3086,606,102,17,1,0,0,0
73468,73467,36693,12482,3126,648,98,16,2,0,0,0
73228,73853,36898,12205,3083,612,96,25,0,0,0,0
73577,73666,36690,12234,3095,598,118,18,4,0,0,0
74041,73337,36767,12189,2964,589,95,15,3,0,0,0
73310,73708,36828,12406,3048,592,92,15,1,0,0,0
73587,73858,36671,12163,2976,625,97,19,4,0,0,0
73709,73273,37088,12313,2942,545,111,16,1,2,0,0
73545,73840,36662,12129,3067,641,100,15,1,0,0,0
73422,73722,36888,12256,3016,584,105,6,1,0,0,0
73766,73350,36734,12369,3017,634,104,21,3,0,1,1
73641,73199,37151,12201,3050,633,110,11,4,0,0,0
73300,73963,36659,12229,3120,612,101,15,1,0,0,0
73801,73512,36724,12163,3110,575,97,14,4,0,0,0
73757,73379,36788,12235,3090,627,113,10,1,0,0,0
73953,73253,36832,12184,3068,588,110,10,2,0,0,0
73773,73710,36533,12181,3089,590,101,23,0,0,0,0
73557,73701,36709,12270,3058,606,90,8,1,0,0,0
73547,73461,36961,12230,3080,601,100,16,4,0,0,0
73738,73475,36717,12227,3134,606,95,7,1,0,0,0
73223,73966,36729,12302,3044,642,80,11,2,0,1,0
73181,73853,36851,12367,3046,586,96,20,0,0,0,0
73311,73697,36867,12314,3088,592,112,16,3,0,0,0
73728,73684,36600,12263,3019,572,110,21,2,1,0,0
73844,73526,36681,12242,2986,608,102,9,2,0,0,0
73766,73499,36699,12246,3035,630,113,8,1,3,0,0
73693,73459,36969,12083,3062,595,122,15,2,0,0,0
73144,74135,36650,12356,3016,598,87,14,0,0,0,0
73569,73495,36766,12278,3173,588,114,12,4,1,0,0
73113,73880,36852,12337,3086,606,108,13,5,0,0,0
73666,73594,36754,12270,2987,613,100,12,3,1,0,0
73927,73517,36663,12120,3104,561,95,11,1,0,1,0
73447,73675,36932,12245,2989,605,93,12,2,0,0,0
73284,73556,37045,12348,3044,626,87,9,1,0,0,0
73351,73297,37098,12363,3145,624,102,18,1,1,0,0
73819,73499,36494,12389,3073,614,96,13,3,0,0,0
73650,73384,36975,12218,3066,598,92,16,1,0,0,0
73453,73278,37228,12207,3122,614,78,19,1,0,0,0
73467,73562,36994,12159,3066,629,103,17,3,0,0,0
73836,73386,36704,12249,3079,621,113,11,1,0,0,0
73827,73449,36419,12409,3102,670,102,20,2,0,0,0
73405,73488,36983,12351,3039,633,90,9,2,0,0,0
73294,73810,36808,12323,3058,600,88,18,1,0,0,0
73451,73592,36763,12317,3143,608,109,17,0,0,0,0
73377,73780,36693,12311,3089,633,97,19,1,0,0,0
73688,73534,36784,12237,3084,577,80,12,4,0,0,0
73460,73884,36622,12220,3056,648,92,15,3,0,0,0
73849,73561,36458,12371,3048,593,102,17,1,0,0,0
73608,73773,36535,12249,3113,613,90,16,3,0,0,0
73690,73471,36759,12193,3132,639,107,8,1,0,0,0
73494,73533,36928,12248,3054,628,91,22,2,0,0,0
73276,74043,36642,12263,3038,608,112,15,3,0,0,0
73129,73652,37048,12348,3093,622,90,15,3,0,0,0
73006,74136,36801,12343,2992,606,102,12,2,0,0,0
73121,74010,36703,12400,3035,626,93,10,2,0,0,0
73424,73589,36812,12362,3094,610,101,7,1,0,0,0
73493,73922,36775,12030,3047,613,105,14,1,0,0,0
73358,73650,37007,12218,3046,613,95,11,2,0,0,0
73699,73636,36379,12389,3131,643,105,16,1,1,0,0
73625,73786,36852,12052,2976,583,104,19,3,0,0,0
73700,73465,36822,12232,3032,620,111,17,1,0,0,0
73533,73906,36479,12287,3101,572,103,15,3,1,0,0
73604,73752,36698,12170,3077,594,89,10,5,1,0,0
73633,73345,36770,12424,3088,627,97,16,0,0,0,0
73420,73537,36758,12417,3102,645,102,18,1,0,0,0
73559,73236,37102,12337,3005,643,106,9,3,0,0,0
73651,73728,36813,12139,2976,586,95,8,3,1,0,0
73263,73662,36835,12372,3157,591,105,14,1,0,0,0
73518,73923,36606,12187,3069,576,103,16,2,0,0,0
73451,73752,36765,12259,3053,610,94,15,1,0,0,0
73592,73615,36770,12260,3020,607,124,11,1,0,0,0
73479,73563,36856,12302,3052,621,109,16,1,1,0,0
73469,73691,36828,12250,3005,641,101,11,4,0,0,0
73888,73800,36633,11920,3016,606,117,18,2,0,0,0
73874,73269,36781,12209,3081,668,92,25,1,0,0,0
73598,73329,36904,12224,3163,666,100,12,4,0,0,0
73935,73746,36462,12088,3047,616,88,15,3,0,0,0
73456,73641,36749,12308,3114,586,136,10,0,0,0,0
73688,73562,36693,12223,3144,573,109,6,2,0,0,0
73764,73250,36664,12549,3075,596,84,17,1,0,0,0
73644,73485,36897,12151,3102,612,96,11,2,0,0,0
73351,73455,36877,12377,3161,649,115,12,3,0,0,0
73456,73778,36694,12168,3160,628,101,14,1,0,0,0
73682,73767,36780,11981,3073,600,105,11,1,0,0,0
73547,73584,36855,12224,3072,603,100,12,3,0,0,0
73652,73658,36820,12065,3118,567,105,13,2,0,0,0
73431,73733,36686,12314,3072,651,100,12,1,0,0,0
73520,73448,36713,12495,3057,629,124,11,2,1,0,0
73546,73549,36824,12265,3091,599,115,10,1,0,0,0
73692,73367,36853,12334,3014,628,101,9,1,1,0,0
73297,73809,36781,12320,3051,602,123,15,2,0,0,0
73311,73588,36948,12378,3067,605,89,14,0,0,0,0
74019,73295,36695,12239,3015,634,92,8,2,1,0,0
73621,73562,36828,12281,2988,586,115,16,3,0,0,0
73583,73760,36695,12150,3107,590,98,11,6,0,0,0
73513,73690,36723,12363,2988,622,84,16,0,1,0,0
74031,73419,36573,12178,3037,648,98,16,0,0,0,0
73698,73203,36944,12386,3075,572,100,18,4,0,0,0
73841,73159,36807,12345,3126,611,98,11,2,0,0,0
73720,73617,36604,12324,3025,600,96,14,0,0,0,0
73633,73824,36385,12445,3011,584,105,12,1,0,0,0
73280,73545,36979,12372,3057,640,109,16,2,0,0,0
73631,73563,36923,12168,3012,583,100,17,3,0,0,0
73495,74037,36498,12170,3055,621,105,17,2,0,0,0
73455,74141,36557,12140,2965,621,103,14,4,0,0,0
73807,73576,36440,12436,3017,604,102,18,0,0,0,0
73880,73640,36586,12130,3041,615,94,12,2,0,0,0
73869,73190,36694,12372,3093,659,107,16,0,0,0,0
73685,73697,36515,12185,3205,603,94,15,1,0,0,0
73718,73271,36892,12353,3030,603,116,15,2,0,0,0
73496,73437,36910,12344,3098,616,86,9,3,1,0,0
73621,73221,36999,12417,3000,622,103,17,0,0,0,0
73863,73273,36506,12524,3058,646,105,20,5,0,0,0
73861,73384,36690,12323,2989,652,86,13,2,0,0,0
73612,73426,36721,12342,3131,650,105,12,1,0,0,0
73419,73948,36704,12154,3023,627,102,20,3,0,0,0
73835,73463,36590,12257,3073,654,111,15,2,0,0,0
73776,73340,36686,12343,3130,606,102,16,1,0,0,0
73633,73194,37176,12186,3070,628,99,13,1,0,0,0
73643,73508,36867,12201,3016,653,102,7,3,0,0,0
73698,73563,36827,12173,3022,592,111,12,2,0,0,0
73572,73321,36984,12173,3179,657,98,16,0,0,0,0
73715,73742,36704,12068,3083,564,107,15,2,0,0,0
73710,73531,36650,12244,3107,626,101,28,3,0,0,0
73168,73860,36853,12249,3085,667,103,14,1,0,0,0
73644,73812,36539,12151,3064,658,108,21,3,0,0,0
73491,73826,36552,12305,3087,605,114,15,4,1,0,0
73568,73763,36758,12122,3059,627,92,8,3,0,0,0
73537,73571,36923,12136,3079,636,109,7,2,0,0,0
73479,73528,36957,12184,3126,608,108,10,0,0,0,0
74002,73110,36799,12365,3013,565,124,19,2,1,0,0
73621,73615,36756,12181,3113,601,101,9,2,1,0,0
73489,73468,36947,12271,3114,592,96,19,4,0,0,0
73655,73898,36541,12216,3001,590,89,10,0,0,0,0
73526,73715,36815,12171,2996,639,122,14,1,1,0,0
73474,73768,36601,12313,3067,664,90,20,3,0,0,0
73925,73193,36825,12209,3062,654,112,18,1,1,0,0
74200,73460,36577,11948,3071,620,98,22,4,0,0,0
73138,73783,37132,12163,3045,617,109,13,0,0,0,0
73477,73694,36960,12144,3006,608,96,13,2,0,0,0
73467,73572,36664,12389,3114,668,108,17,1,0,0,0
73458,73366,37160,12302,2957,632,112,12,1,0,0,0
73760,73656,36551,12146,3124,633,114,14,2,0,0,0
73759,73253,37088,12179,3019,600,86,15,1,0,0,0
73564,73373,37033,12179,3057,663,108,20,3,0,0,0
73601,73433,37006,12222,3009,593,117,18,1,0,0,0
73763,73414,36973,12197,2915,613,105,15,5,0,0,0
73768,73569,36665,12160,3094,630,97,15,2,0,0,0
73633,73553,36788,12234,3076,602,93,20,1,0,0,0
73337,73659,36825,12375,3069,618,101,12,3,1,0,0
73930,73228,36811,12249,3080,592,97,12,1,0,0,0
73606,73800,36569,12307,2967,626,114,9,2,0,0,0
73502,73782,36758,12149,3039,631,115,21,2,0,1,0
73741,73522,36615,12337,3074,593,103,13,2,0,0,0
73632,73441,36705,12355,3134,619,101,10,3,0,0,0
73741,73399,36763,12299,3048,619,113,18,0,0,0,0
73452,73725,36857,12166,3036,640,105,18,1,0,0,0
73870,73554,36617,12266,2983,594,101,13,2,0,0,0
73517,73576,36912,12203,3070,595,114,10,2,1,0,0
73434,73676,36683,12471,3043,570,105,16,2,0,0,0
73299,73824,36741,12271,3122,624,101,15,2,1,0,0
73417,73566,36916,12349,3027,597,114,11,3,0,0,0
73521,74031,36654,12067,3026,579,104,14,3,1,0,0
73965,73362,36678,12131,3151,586,103,19,5,0,0,0
73844,73484,36719,12186,3032,618,91,18,7,1,0,0
73745,73470,36734,12229,3066,630,109,16,1,0,0,0
73345,73707,36952,12201,3076,587,116,14,2,0,0,0
73524,73696,36697,12149,3209,578,125,21,1,0,0,0
73568,73762,36580,12287,3110,585,95,9,4,0,0,0
73713,73368,37050,12140,3040,577,92,17,3,0,0,0
73810,73259,36782,12311,3086,628,117,6,1,0,0,0
73563,73424,36791,12406,3078,618,105,15,0,0,0,0
73254,73830,36816,12453,2935,591,103,16,2,0,0,0
73081,73854,37025,12238,3097,593,101,9,1,1,0,0
73352,73831,36612,12351,3109,619,105,19,2,0,0,0
73592,73533,36918,12206,3007,651,81,10,2,0,0,0
73549,73451,36973,12296,3009,589,111,20,2,0,0,0
73307,74021,36650,12236,3087,589,94,15,1,0,0,0
73489,73498,37030,12139,3133,583,109,14,4,1,0,0
73659,73530,36652,12395,3021,621,106,14,2,0,0,0
73804,73281,36880,12239,3118,565,92,19,2,0,0,0
73294,73624,36901,12404,3065,580,113,14,3,2,0,0
73431,73515,36916,12317,3105,581,115,19,1,0,0,0
73491,73388,37015,12410,3004,565,104,20,3,0,0,0
73561,73697,36838,12110,3087,587,103,16,1,0,0,0
73255,73817,36828,12327,3087,584,86,13,3,0,0,0
73631,73422,36953,12225,3072,601,84,11,0,1,0,0
73308,73747,36857,12262,3031,674,101,17,3,0,0,0
73313,73503,36850,12488,3104,622,108,9,2,1,0,0
73770,73646,36536,12282,3065,590,92,14,5,0,0,0
73572,73498,36769,12330,3086,632,95,14,4,0,0,0
73371,74010,36484,12307,3113,616,88,11,0,0,0,0
73619,73528,36744,12295,3116,605,75,15,3,0,0,0
73733,73575,36843,12024,3071,636,101,11,6,0,0,0
73401,73639,36817,12317,3132,584,98,12,0,0,0,0
73487,73662,36744,12334,3078,578,100,17,0,0,0,0
73554,73821,36723,12073,3103,597,102,25,1,1,0,0
73648,73500,36754,12354,3003,618,95,20,8,0,0,0
73899,73108,36923,12269,3063,607,109,21,1,0,0,0
73339,73502,37132,12208,3082,616,104,16,1,0,0,0
73670,73631,36616,12234,3133,616,90,10,0,0,0,0
73718,73492,36617,12273,3146,632,104,17,1,0,0,0
73553,73618,36799,12321,2978,609,107,12,3,0,0,0
73599,73853,36505,12369,2894,660,108,12,0,0,0,0
73447,73531,36812,12407,3054,619,111,16,2,1,0,0
73486,73738,36559,12420,3035,647,98,15,2,0,0,0
73139,74025,36800,12208,3103,618,97,10,0,0,0,0
73729,73365,36950,12119,3103,610,107,15,1,1,0,0
73499,73901,36551,12191,3131,602,108,16,1,0,0,0
73671,73267,36940,12279,3123,609,92,18,1,0,0,0
73757,73581,36561,12289,3081,611,100,16,4,0,0,0
73632,73731,36672,12068,3127,650,96,18,4,2,0,0
73472,73579,37039,12125,3042,619,106,15,3,0,0,0
73649,73582,36695,12366,2979,607,98,20,3,1,0,0
73569,73822,36756,12172,2964,590,108,18,1,0,0,0
73806,73373,36718,12253,3115,622,91,19,3,0,0,0
73419,73565,37023,12176,3081,613,106,16,1,0,0,0
73636,73800,36522,12279,3046,602,105,7,3,0,0,0
73801,73591,36518,12249,3127,575,119,19,1,0,0,0
73572,73551,36938,12150,3062,612,92,22,1,0,0,0
73608,73778,36452,12352,3093,578,124,12,3,0,0,0
73212,73615,37231,12211,3024,593,99,14,1,0,0,0
73414,73742,36735,12360,3007,636,94,9,3,0,0,0
73233,73703,37004,12173,3123,637,105,20,2,0,0,0
73696,73694,36484,12287,3123,608,91,15,2,0,0,0
73610,73531,36748,12252,3110,622,107,18,2,0,0,0
73637,73512,36742,12250,3075,666,103,13,2,0,0,0
73748,73724,36448,12346,3000,615,109,8,2,0,0,0
73675,73154,37151,12249,3052,615,92,11,1,0,0,0
73365,73729,36744,12328,3106,605,109,12,1,1,0,0
73635,73167,37040,12274,3159,617,87,18,3,0,0,0
73571,73477,36970,12194,3064,587,114,21,2,0,0,0
73501,73496,36802,12444,3008,639,93,16,1,0,0,0
73861,73252,36868,12226,3096,579,97,17,3,0,1,0
73557,73456,36876,12264,3130,583,118,14,2,0,0,0
73836,73524,36748,12197,2999,574,102,17,3,0,0,0
73689,73437,36887,12209,3049,593,119,12,5,0,0,0
73774,73479,36615,12360,3054,588,112,15,3,0,0,0
73940,73217,36982,12106,3060,586,89,18,2,0,0,0
73702,73523,36552,12378,3045,657,130,13,0,0,0,0
73404,73932,36609,12149,3141,657,95,12,1,0,0,0
73423,73615,36949,12156,3086,635,115,19,2,0,0,0
73659,73769,36463,12308,3097,584,106,12,2,0,0,0
73773,73856,36494,12109,3078,596,81,11,2,0,0,0
73669,73954,36658,12035,3002,577,91,13,1,0,0,0
73617,73342,36870,12317,3123,598,109,20,4,0,0,0
73623,73768,36691,12049,3121,640,89,15,2,1,1,0
73522,73399,36986,12289,3051,641,99,12,1,0,0,0
73510,73390,36910,12365,3047,642,121,13,2,0,0,0
73715,73221,37049,12204,3124,572,96,16,3,0,0,0
73302,73962,36611,12324,3063,624,103,11,0,0,0,0
73570,73516,36822,12381,2988,606,100,14,3,0,0,0
73398,73501,36917,12335,3113,626,91,18,1,0,0,0
73460,73310,36942,12460,3123,605,86,13,1,0,0,0
73448,73509,36831,12290,3124,671,110,16,1,0,0,0
73660,73477,36860,12140,3057,683,105,18,0,0,0,0
73412,73829,36712,12220,3090,601,116,18,2,0,0,0
73131,73973,36872,12231,3102,590,86,14,1,0,0,0
73391,73764,36721,12288,3034,672,109,19,2,0,0,0
73462,73367,37011,12300,3105,623,113,17,2,0,0,0
73979,73433,36407,12342,3074,630,117,17,1,0,0,0
73362,73818,36705,12355,3042,594,104,19,1,0,0,0
73776,73087,37110,12123,3166,611,109,17,1,0,0,0
73531,73617,36904,12150,3068,623,92,12,3,0,0,0
73438,73084,37271,12399,3074,616,102,15,1,0,0,0
73442,73639,36680,12422,3072,625,107,10,2,0,1,0
73392,73727,36945,12146,3077,610,88,14,1,0,0,0
73678,73738,36669,12156,3064,580,105,10,0,0,0,0
73510,73493,37079,12251,2938,623,92,7,6,1,0,0
73446,73848,36602,12341,3031,611,107,13,1,0,0,0
73609,73115,37151,12296,3081,635,95,17,1,0,0,0
73413,73457,36885,12421,3059,636,114,13,2,0,0,0
73579,73747,36648,12223,3027,632,121,22,0,1,0,0
73581,73432,36929,12219,3118,593,115,11,2,0,0,0
73584,73764,36734,12172,3024,612,99,8,3,0,0,0
73374,73669,36901,12215,3087,636,103,15,0,0,0,0
73211,74074,36753,12139,3098,612,103,9,1,0,0,0
73638,73446,36908,12235,2981,682,88,20,2,0,0,0
73612,73441,36757,12290,3100,675,105,19,1,0,0,0
73518,73804,36858,12063,3070,589,82,16,0,0,0,0
74104,73300,36602,12166,3021,666,115,26,0,0,0,0
73747,73144,37008,12201,3157,628,102,12,1,0,0,0
73740,72961,37001,12506,3066,602,105,14,5,0,0,0
73225,73681,36888,12361,3099,640,91,13,2,0,0,0
73254,73471,37218,12216,3112,602,118,9,0,0,0,0
73689,74014,36354,12173,3015,636,95,23,1,0,0,0
73854,73383,36786,12276,2949,651,91,9,1,0,0,0
73769,73276,36887,12268,3074,612,105,7,1,1,0,0
73469,73397,37045,12200,3092,666,117,13,1,0,0,0
73357,73777,36812,12303,3020,596,112,21,2,0,0,0
73427,74056,36564,12120,3083,631,96,22,1,0,0,0
73694,73636,36597,12307,3039,611,104,11,1,0,0,0
73386,73819,36693,12249,3115,622,99,12,5,0,0,0
73425,73563,36990,12238,3048,607,114,14,1,0,0,0
73801,73617,36682,12029,3088,659,104,17,2,1,0,0
73247,73617,36923,12387,3107,616,93,8,2,0,0,0
73540,73547,36564,12471,3160,612,96,8,2,0,0,0
73633,73615,37021,12042,2970,600,104,14,1,0,0,0
73358,73610,36973,12401,2977,557,111,12,1,0,0,0
73358,73464,36999,12390,3012,650,114,11,1,1,0,0
73243,73415,37144,12345,3124,593,121,10,5,0,0,0
73362,73307,37114,12393,3099,611,101,10,3,0,0,0
73745,73657,36518,12245,3118,602,98,16,0,1,0,0
74247,73135,36509,12271,3061,650,107,16,4,0,0,0
73472,73701,36954,12158,3004,593,99,17,2,0,0,0
73819,73443,36575,12388,3026,624,111,12,2,0,0,0
73434,73879,36721,12128,3102,631,91,10,3,1,0,0
73540,73620,37006,12107,3008,592,101,25,1,0,0,0
73278,73917,36651,12342,3118,592,84,13,5,0,0,0
73630,73416,36743,12377,3090,631,102,10,1,0,0,0
73466,73821,36526,12380,3065,600,124,16,2,0,0,0
73213,73947,36803,12288,2987,634,109,18,1,0,0,0
73490,73806,36691,12195,3105,595,102,15,0,1,0,0
73489,73643,36975,12130,3089,549,104,19,2,0,0,0
73848,73597,36515,12270,3041,611,103,15,0,0,0,0
73564,73751,36664,12280,3006,630,93,12,0,0,0,0
73611,73596,36693,12257,3072,626,120,22,3,0,0,0
74130,73143,36756,12222,3021,602,107,15,4,0,0,0
73558,73487,36935,12269,3016,611,105,15,3,0,1,0
73572,73479,36634,12422,3147,618,119,8,1,0,0,0
74331,72860,36720,12266,3097,615,96,13,2,0,0,0
73392,73558,36903,12244,3108,679,106,8,2,0,0,0
73485,73721,36800,12246,3028,597,102,20,0,1,0,0
73421,73774,36640,12409,3000,611,128,15,1,1,0,0
73574,73550,36780,12237,3102,628,112,16,1,0,0,0
73741,73405,36989,12157,3021,567,100,17,3,0,0,0
73412,73442,37066,12279,3051,626,110,10,4,0,0,0
73685,73642,36466,12445,3039,598,107,17,1,0,0,0
73625,73400,36594,12553,3061,637,113,16,1,0,0,0
73650,73423,36866,12265,3060,625,98,10,2,1,0,0
73794,73282,36808,12342,3048,605,105,15,1,0,0,0
73285,73704,36783,12348,3134,641,95,9,1,0,0,0
73112,73505,37149,12355,3137,637,90,12,3,0,0,0
73896,73249,36642,12431,3036,632,100,12,2,0,0,0
73363,73623,36987,12284,3030,583,112,18,0,0,0,0
73837,73495,36638,12256,3038,627,96,13,0,0,0,0
73385,73522,36908,12360,3099,596,108,18,4,0,0,0
73762,73431,36781,12220,3076,615,98,17,0,0,0,0
73780,73274,36703,12426,3111,589,103,14,0,0,0,0
73627,73187,37064,12280,3146,582,101,12,1,0,0,0
73515,73563,36883,12310,3006,605,102,14,2,0,0,0
74009,72901,36935,12354,3056,615,117,12,1,0,0,0
73417,73898,36536,12310,3081,638,103,16,1,0,0,0
73834,73397,36702,12194,3149,602,107,13,2,0,0,0
73271,73972,36446,12484,3091,612,111,12,1,0,0,0
73656,73602,36644,12358,3014,599,110,12,5,0,0,0
73631,73583,36747,12213,3079,612,122,12,1,0,0,0
73589,73408,36751,12287,3177,660,114,14,0,0,0,0
73669,73429,36838,12176,3172,580,119,14,3,0,0,0
73642,73632,36593,12236,3134,641,105,14,2,1,0,0
73243,73800,36988,12225,3052,585,90,16,1,0,0,0
73493,73779,36575,12311,3103,595,128,15,1,0,0,0
73263,73799,36782,12366,3077,592,100,18,1,2,0,0
73562,73357,37052,12306,3008,595,105,12,3,0,0,0
73466,73415,36993,12309,3066,632,107,10,1,1,0,0
73636,73445,36916,12305,2975,597,109,15,2,0,0,0
73251,73845,36831,12220,3093,647,98,15,0,0,0,0
73781,73290,36915,12199,3025,670,108,12,0,0,0,0
73582,73602,36635,12405,3020,625,118,10,2,1,0,0
73255,73742,37061,12173,3058,614,90,4,2,1,0,0
73414,73518,37037,12273,3010,643,85,20,0,0,0,0
73508,73587,36723,12413,3085,580,96,6,2,0,0,0
73439,73692,36801,12288,3073,571,119,11,6,0,0,0
73701,73438,36830,12333,2950,613,112,21,2,0,0,0
73390,74081,36552,12227,3051,587,106,5,1,0,0,0
73202,74013,36733,12142,3152,634,112,11,1,0,0,0
73482,73441,36798,12427,3074,663,99,14,1,1,0,0
73452,73761,36764,12263,3016,629,96,17,2,0,0,0
73533,73613,36897,12250,3036,566,96,7,2,0,0,0
73862,73245,36749,12373,3067,599,91,14,0,0,0,0
73668,73688,36664,12266,2978,600,118,17,1,0,0,0
73541,73731,36718,12277,3004,596,109,18,6,0,0,0
73961,73448,36658,12204,3020,598,94,11,5,1,0,0
